213	1	1.000000 
1516	1	1.000000 
975	2	1.000000 
565	3	1.000000 
86	4	1.000000 
1192	4	1.000000 
1329	4	1.000000 
1164	5	1.000000 
1441	5	1.000000 
1530	5	1.000000 
759	6	1.000000 
788	7	1.000000 
858	7	1.000000 
1187	7	1.000000 
608	8	1.000000 
951	8	1.000000 
1302	8	1.000000 
267	9	1.000000 
507	9	1.000000 
475	10	1.000000 
99	11	1.000000 
220	11	1.000000 
1365	11	1.000000 
378	12	1.000000 
660	12	1.000000 
693	12	1.000000 
828	13	1.000000 
1361	13	1.000000 
1107	14	1.000000 
1178	15	1.000000 
117	16	1.000000 
1267	16	1.000000 
1476	16	1.000000 
346	17	1.000000 
987	17	1.000000 
1234	17	1.000000 
860	18	1.000000 
1087	19	1.000000 
1358	19	1.000000 
1396	19	1.000000 
553	20	1.000000 
699	20	1.000000 
1298	20	1.000000 
278	21	1.000000 
733	21	1.000000 
1021	21	1.000000 
402	22	1.000000 
861	22	1.000000 
955	22	1.000000 
1484	23	1.000000 
971	24	1.000000 
411	25	1.000000 
1334	25	1.000000 
444	26	1.000000 
500	27	1.000000 
717	27	1.000000 
1124	27	1.000000 
194	28	1.000000 
605	28	1.000000 
381	29	1.000000 
1050	29	1.000000 
322	30	1.000000 
644	30	1.000000 
1042	30	1.000000 
648	31	1.000000 
1141	31	1.000000 
398	32	1.000000 
1207	32	1.000000 
940	33	1.000000 
955	33	1.000000 
1470	33	1.000000 
554	34	1.000000 
732	34	1.000000 
1464	34	1.000000 
372	35	1.000000 
858	35	1.000000 
492	36	1.000000 
499	36	1.000000 
644	36	1.000000 
738	37	1.000000 
18	38	1.000000 
829	38	1.000000 
1530	38	1.000000 
166	39	1.000000 
1115	39	1.000000 
381	40	1.000000 
802	40	1.000000 
1240	40	1.000000 
52	41	1.000000 
355	41	1.000000 
1205	42	1.000000 
1217	42	1.000000 
1490	42	1.000000 
658	43	1.000000 
673	43	1.000000 
927	43	1.000000 
10	44	1.000000 
942	44	1.000000 
1293	44	1.000000 
19	45	1.000000 
653	45	1.000000 
1095	45	1.000000 
105	46	1.000000 
251	46	1.000000 
434	46	1.000000 
164	47	1.000000 
487	47	1.000000 
1141	47	1.000000 
13	48	1.000000 
683	48	1.000000 
878	49	1.000000 
528	50	1.000000 
782	50	1.000000 
1377	50	1.000000 
258	51	1.000000 
1136	51	1.000000 
1234	52	1.000000 
1290	52	1.000000 
1132	53	1.000000 
1504	53	1.000000 
612	54	1.000000 
568	55	1.000000 
925	55	1.000000 
1117	55	1.000000 
441	56	1.000000 
88	57	1.000000 
935	57	1.000000 
1193	57	1.000000 
100	58	1.000000 
1000	59	1.000000 
1204	59	1.000000 
1383	59	1.000000 
318	60	1.000000 
377	60	1.000000 
129	61	1.000000 
611	61	1.000000 
1098	61	1.000000 
296	62	1.000000 
342	63	1.000000 
370	63	1.000000 
661	63	1.000000 
936	64	1.000000 
1159	65	1.000000 
768	66	1.000000 
886	66	1.000000 
1453	66	1.000000 
807	67	1.000000 
39	68	1.000000 
471	68	1.000000 
1397	68	1.000000 
234	69	1.000000 
1346	69	1.000000 
1358	69	1.000000 
187	70	1.000000 
298	70	1.000000 
1428	70	1.000000 
994	71	1.000000 
157	72	1.000000 
426	72	1.000000 
1080	72	1.000000 
17	73	1.000000 
981	73	1.000000 
1465	73	1.000000 
119	74	1.000000 
782	74	1.000000 
1040	74	1.000000 
465	75	1.000000 
722	76	1.000000 
1256	76	1.000000 
66	77	1.000000 
480	77	1.000000 
800	77	1.000000 
182	78	1.000000 
671	78	1.000000 
1029	78	1.000000 
169	79	1.000000 
1386	79	1.000000 
436	80	1.000000 
765	80	1.000000 
1392	80	1.000000 
409	81	1.000000 
1477	81	1.000000 
103	82	1.000000 
278	82	1.000000 
294	82	1.000000 
545	83	1.000000 
1216	83	1.000000 
1313	83	1.000000 
378	84	1.000000 
615	84	1.000000 
1494	84	1.000000 
365	85	1.000000 
1424	85	1.000000 
1516	85	1.000000 
71	86	1.000000 
627	87	1.000000 
1201	87	1.000000 
411	88	1.000000 
1001	88	1.000000 
1392	88	1.000000 
118	89	1.000000 
771	89	1.000000 
57	90	1.000000 
552	90	1.000000 
433	91	1.000000 
1417	91	1.000000 
881	92	1.000000 
1098	92	1.000000 
1324	92	1.000000 
906	93	1.000000 
1230	93	1.000000 
1341	93	1.000000 
153	94	1.000000 
176	94	1.000000 
510	94	1.000000 
67	95	1.000000 
249	96	1.000000 
540	96	1.000000 
841	96	1.000000 
338	97	1.000000 
115	98	1.000000 
330	98	1.000000 
877	98	1.000000 
450	99	1.000000 
1432	100	1.000000 
629	101	1.000000 
266	102	1.000000 
795	102	1.000000 
1415	102	1.000000 
569	103	1.000000 
64	104	1.000000 
1227	104	1.000000 
677	105	1.000000 
998	105	1.000000 
1237	105	1.000000 
770	106	1.000000 
438	107	1.000000 
507	107	1.000000 
1513	107	1.000000 
653	108	1.000000 
921	108	1.000000 
761	109	1.000000 
1531	109	1.000000 
445	110	1.000000 
660	110	1.000000 
176	111	1.000000 
1154	111	1.000000 
1276	111	1.000000 
914	112	1.000000 
1276	112	1.000000 
1384	112	1.000000 
755	113	1.000000 
1206	113	1.000000 
1424	113	1.000000 
418	114	1.000000 
834	114	1.000000 
1318	114	1.000000 
514	115	1.000000 
767	115	1.000000 
354	116	1.000000 
1140	116	1.000000 
588	117	1.000000 
295	118	1.000000 
399	118	1.000000 
514	118	1.000000 
323	119	1.000000 
1292	119	1.000000 
1363	119	1.000000 
649	120	1.000000 
859	120	1.000000 
1371	120	1.000000 
1280	121	1.000000 
1289	121	1.000000 
753	122	1.000000 
1223	122	1.000000 
376	123	1.000000 
657	123	1.000000 
1416	123	1.000000 
493	124	1.000000 
1392	124	1.000000 
216	125	1.000000 
1257	125	1.000000 
150	126	1.000000 
575	126	1.000000 
27	127	1.000000 
951	127	1.000000 
1404	127	1.000000 
471	128	1.000000 
1021	128	1.000000 
4	129	1.000000 
507	129	1.000000 
1310	129	1.000000 
324	130	1.000000 
917	131	1.000000 
208	132	1.000000 
335	132	1.000000 
1194	132	1.000000 
52	133	1.000000 
787	133	1.000000 
1425	133	1.000000 
892	134	1.000000 
993	134	1.000000 
1330	134	1.000000 
4	135	1.000000 
250	135	1.000000 
1409	135	1.000000 
156	136	1.000000 
1166	136	1.000000 
1356	136	1.000000 
1293	137	1.000000 
1409	137	1.000000 
1041	138	1.000000 
1412	138	1.000000 
934	139	1.000000 
1108	140	1.000000 
1387	140	1.000000 
1482	140	1.000000 
199	141	1.000000 
501	142	1.000000 
928	142	1.000000 
838	143	1.000000 
1143	143	1.000000 
576	144	1.000000 
1295	145	1.000000 
1521	145	1.000000 
483	146	1.000000 
1030	146	1.000000 
1088	146	1.000000 
632	147	1.000000 
1045	147	1.000000 
1283	147	1.000000 
351	148	1.000000 
397	148	1.000000 
1127	148	1.000000 
336	149	1.000000 
525	149	1.000000 
1062	149	1.000000 
4	150	1.000000 
726	150	1.000000 
1256	150	1.000000 
83	151	1.000000 
249	151	1.000000 
321	151	1.000000 
129	152	1.000000 
706	152	1.000000 
1329	152	1.000000 
1230	153	1.000000 
1309	153	1.000000 
527	154	1.000000 
650	155	1.000000 
755	155	1.000000 
1086	155	1.000000 
363	156	1.000000 
379	156	1.000000 
1277	156	1.000000 
397	157	1.000000 
1444	157	1.000000 
1458	157	1.000000 
764	158	1.000000 
327	159	1.000000 
344	159	1.000000 
386	159	1.000000 
143	160	1.000000 
323	160	1.000000 
1529	160	1.000000 
251	161	1.000000 
662	161	1.000000 
1486	161	1.000000 
611	162	1.000000 
1045	162	1.000000 
264	163	1.000000 
587	163	1.000000 
590	163	1.000000 
1241	164	1.000000 
683	165	1.000000 
899	165	1.000000 
1067	165	1.000000 
24	166	1.000000 
394	167	1.000000 
919	167	1.000000 
318	168	1.000000 
365	168	1.000000 
928	168	1.000000 
455	169	1.000000 
950	169	1.000000 
1385	169	1.000000 
487	170	1.000000 
1137	170	1.000000 
1406	170	1.000000 
634	171	1.000000 
1040	171	1.000000 
1316	171	1.000000 
674	172	1.000000 
1418	172	1.000000 
1447	172	1.000000 
614	173	1.000000 
1228	173	1.000000 
823	174	1.000000 
1041	174	1.000000 
1350	174	1.000000 
1066	175	1.000000 
1364	175	1.000000 
99	176	1.000000 
107	176	1.000000 
892	176	1.000000 
415	177	1.000000 
420	177	1.000000 
961	177	1.000000 
82	178	1.000000 
422	178	1.000000 
1292	178	1.000000 
1225	179	1.000000 
407	180	1.000000 
21	181	1.000000 
438	181	1.000000 
858	181	1.000000 
127	182	1.000000 
317	182	1.000000 
1450	183	1.000000 
19	184	1.000000 
1400	184	1.000000 
1258	185	1.000000 
95	186	1.000000 
798	186	1.000000 
458	187	1.000000 
685	187	1.000000 
928	187	1.000000 
948	188	1.000000 
197	189	1.000000 
1396	189	1.000000 
1486	189	1.000000 
221	190	1.000000 
696	191	1.000000 
909	191	1.000000 
1366	191	1.000000 
377	192	1.000000 
833	192	1.000000 
1338	192	1.000000 
456	193	1.000000 
863	193	1.000000 
1453	193	1.000000 
270	194	1.000000 
504	194	1.000000 
505	194	1.000000 
59	195	1.000000 
682	196	1.000000 
1352	196	1.000000 
213	197	1.000000 
453	197	1.000000 
575	197	1.000000 
255	198	1.000000 
728	199	1.000000 
1152	199	1.000000 
290	200	1.000000 
790	201	1.000000 
1294	201	1.000000 
721	202	1.000000 
886	202	1.000000 
238	203	1.000000 
1287	203	1.000000 
556	204	1.000000 
665	204	1.000000 
792	204	1.000000 
487	205	1.000000 
663	205	1.000000 
915	205	1.000000 
240	206	1.000000 
1117	206	1.000000 
418	207	1.000000 
857	207	1.000000 
74	208	1.000000 
348	208	1.000000 
1486	208	1.000000 
27	209	1.000000 
1407	209	1.000000 
123	210	1.000000 
668	211	1.000000 
929	211	1.000000 
933	211	1.000000 
125	212	1.000000 
533	213	1.000000 
615	213	1.000000 
1297	213	1.000000 
185	214	1.000000 
828	214	1.000000 
841	214	1.000000 
1199	215	1.000000 
251	216	1.000000 
336	216	1.000000 
1181	217	1.000000 
518	218	1.000000 
827	219	1.000000 
285	220	1.000000 
469	220	1.000000 
479	220	1.000000 
163	221	1.000000 
1044	221	1.000000 
1095	221	1.000000 
781	222	1.000000 
26	223	1.000000 
1017	223	1.000000 
1362	223	1.000000 
1123	224	1.000000 
220	225	1.000000 
1422	225	1.000000 
1479	226	1.000000 
723	227	1.000000 
257	228	1.000000 
528	229	1.000000 
1276	229	1.000000 
1114	230	1.000000 
1116	230	1.000000 
1437	230	1.000000 
132	231	1.000000 
1513	231	1.000000 
511	232	1.000000 
681	232	1.000000 
55	233	1.000000 
748	233	1.000000 
658	234	1.000000 
712	234	1.000000 
875	234	1.000000 
1180	235	1.000000 
461	236	1.000000 
758	236	1.000000 
791	236	1.000000 
512	237	1.000000 
904	237	1.000000 
1187	237	1.000000 
310	238	1.000000 
1013	239	1.000000 
1355	239	1.000000 
1397	239	1.000000 
1399	240	1.000000 
234	241	1.000000 
578	241	1.000000 
1117	241	1.000000 
795	242	1.000000 
815	242	1.000000 
1436	242	1.000000 
143	243	1.000000 
319	243	1.000000 
1026	244	1.000000 
45	245	1.000000 
498	245	1.000000 
727	245	1.000000 
219	246	1.000000 
1257	246	1.000000 
1418	246	1.000000 
175	247	1.000000 
366	247	1.000000 
796	247	1.000000 
360	248	1.000000 
637	248	1.000000 
650	248	1.000000 
747	249	1.000000 
150	250	1.000000 
1418	250	1.000000 
1471	250	1.000000 
231	251	1.000000 
1279	251	1.000000 
229	252	1.000000 
500	252	1.000000 
829	252	1.000000 
777	253	1.000000 
1420	254	1.000000 
281	255	1.000000 
379	255	1.000000 
1250	255	1.000000 
940	256	1.000000 
1267	256	1.000000 
1381	256	1.000000 
1446	257	1.000000 
651	258	1.000000 
905	258	1.000000 
52	259	1.000000 
721	259	1.000000 
1377	259	1.000000 
664	260	1.000000 
1196	260	1.000000 
797	261	1.000000 
840	262	1.000000 
522	263	1.000000 
543	263	1.000000 
1007	263	1.000000 
397	264	1.000000 
1335	264	1.000000 
402	265	1.000000 
521	265	1.000000 
1095	265	1.000000 
274	266	1.000000 
1036	266	1.000000 
260	267	1.000000 
1192	267	1.000000 
235	268	1.000000 
1263	268	1.000000 
1494	268	1.000000 
303	269	1.000000 
55	270	1.000000 
334	270	1.000000 
795	270	1.000000 
655	271	1.000000 
1127	271	1.000000 
70	272	1.000000 
226	272	1.000000 
398	272	1.000000 
364	273	1.000000 
776	273	1.000000 
146	274	1.000000 
896	274	1.000000 
1172	274	1.000000 
628	275	1.000000 
894	275	1.000000 
978	276	1.000000 
21	277	1.000000 
102	277	1.000000 
1447	277	1.000000 
252	278	1.000000 
163	279	1.000000 
276	279	1.000000 
1319	279	1.000000 
22	280	1.000000 
581	280	1.000000 
661	280	1.000000 
1170	281	1.000000 
858	282	1.000000 
861	282	1.000000 
903	282	1.000000 
299	283	1.000000 
1370	283	1.000000 
1424	283	1.000000 
183	284	1.000000 
1080	284	1.000000 
533	285	1.000000 
1288	285	1.000000 
1462	286	1.000000 
808	287	1.000000 
598	288	1.000000 
563	289	1.000000 
947	289	1.000000 
1296	289	1.000000 
139	290	1.000000 
469	291	1.000000 
1149	291	1.000000 
394	292	1.000000 
648	292	1.000000 
743	292	1.000000 
352	293	1.000000 
821	293	1.000000 
1286	293	1.000000 
264	294	1.000000 
524	294	1.000000 
1307	295	1.000000 
1339	296	1.000000 
261	297	1.000000 
1000	297	1.000000 
54	298	1.000000 
215	298	1.000000 
498	298	1.000000 
570	299	1.000000 
1244	300	1.000000 
1100	301	1.000000 
480	302	1.000000 
716	302	1.000000 
1038	302	1.000000 
82	303	1.000000 
693	303	1.000000 
665	304	1.000000 
1173	304	1.000000 
70	305	1.000000 
495	305	1.000000 
743	306	1.000000 
1405	306	1.000000 
954	307	1.000000 
205	308	1.000000 
1465	308	1.000000 
709	309	1.000000 
897	309	1.000000 
919	309	1.000000 
243	310	1.000000 
500	310	1.000000 
1135	310	1.000000 
882	311	1.000000 
1518	312	1.000000 
832	313	1.000000 
1167	313	1.000000 
1257	313	1.000000 
1344	314	1.000000 
637	315	1.000000 
1141	315	1.000000 
1301	315	1.000000 
216	316	1.000000 
884	316	1.000000 
1267	316	1.000000 
1475	317	1.000000 
408	318	1.000000 
300	319	1.000000 
369	319	1.000000 
735	320	1.000000 
958	320	1.000000 
1387	320	1.000000 
992	321	1.000000 
709	322	1.000000 
1397	322	1.000000 
981	323	1.000000 
1184	323	1.000000 
503	324	1.000000 
1495	325	1.000000 
1336	326	1.000000 
178	327	1.000000 
484	327	1.000000 
1466	327	1.000000 
439	328	1.000000 
554	328	1.000000 
105	329	1.000000 
118	329	1.000000 
515	329	1.000000 
1055	330	1.000000 
1458	330	1.000000 
472	331	1.000000 
33	332	1.000000 
183	332	1.000000 
753	332	1.000000 
181	333	1.000000 
433	333	1.000000 
557	333	1.000000 
774	334	1.000000 
1324	334	1.000000 
1347	334	1.000000 
107	335	1.000000 
153	335	1.000000 
390	335	1.000000 
689	336	1.000000 
767	336	1.000000 
791	336	1.000000 
145	337	1.000000 
669	337	1.000000 
958	337	1.000000 
275	338	1.000000 
433	338	1.000000 
1333	338	1.000000 
453	339	1.000000 
1172	339	1.000000 
466	340	1.000000 
171	341	1.000000 
865	341	1.000000 
258	342	1.000000 
384	342	1.000000 
823	342	1.000000 
28	343	1.000000 
145	343	1.000000 
1371	343	1.000000 
17	344	1.000000 
586	344	1.000000 
376	345	1.000000 
698	345	1.000000 
1406	345	1.000000 
690	346	1.000000 
1369	346	1.000000 
348	347	1.000000 
692	347	1.000000 
1125	347	1.000000 
529	348	1.000000 
1028	348	1.000000 
1410	348	1.000000 
1332	349	1.000000 
415	350	1.000000 
690	350	1.000000 
1055	350	1.000000 
41	351	1.000000 
89	351	1.000000 
135	352	1.000000 
285	352	1.000000 
416	352	1.000000 
802	353	1.000000 
986	353	1.000000 
124	354	1.000000 
663	355	1.000000 
831	355	1.000000 
1053	355	1.000000 
193	356	1.000000 
8	357	1.000000 
1073	357	1.000000 
1146	357	1.000000 
669	358	1.000000 
832	358	1.000000 
1242	358	1.000000 
574	359	1.000000 
287	360	1.000000 
657	360	1.000000 
239	361	1.000000 
637	361	1.000000 
1164	361	1.000000 
448	362	1.000000 
87	363	1.000000 
585	363	1.000000 
1351	363	1.000000 
707	364	1.000000 
359	365	1.000000 
541	365	1.000000 
935	366	1.000000 
1236	366	1.000000 
694	367	1.000000 
774	367	1.000000 
848	367	1.000000 
147	368	1.000000 
355	368	1.000000 
1281	368	1.000000 
642	369	1.000000 
731	370	1.000000 
201	371	1.000000 
671	372	1.000000 
1400	372	1.000000 
1531	372	1.000000 
789	373	1.000000 
832	373	1.000000 
1480	373	1.000000 
435	374	1.000000 
931	375	1.000000 
128	376	1.000000 
695	376	1.000000 
1275	376	1.000000 
636	377	1.000000 
1134	377	1.000000 
1293	377	1.000000 
687	378	1.000000 
953	378	1.000000 
1400	378	1.000000 
460	379	1.000000 
1179	379	1.000000 
190	380	1.000000 
626	380	1.000000 
384	381	1.000000 
1509	381	1.000000 
1131	382	1.000000 
162	383	1.000000 
359	383	1.000000 
677	383	1.000000 
399	384	1.000000 
451	384	1.000000 
727	384	1.000000 
61	385	1.000000 
873	385	1.000000 
1030	385	1.000000 
597	386	1.000000 
1384	386	1.000000 
1507	386	1.000000 
501	387	1.000000 
1274	387	1.000000 
1364	387	1.000000 
452	388	1.000000 
1040	388	1.000000 
1213	388	1.000000 
5	389	1.000000 
390	389	1.000000 
1074	389	1.000000 
1331	390	1.000000 
562	391	1.000000 
1088	391	1.000000 
1413	391	1.000000 
18	392	1.000000 
1536	392	1.000000 
250	393	1.000000 
733	393	1.000000 
1194	393	1.000000 
745	394	1.000000 
499	395	1.000000 
884	395	1.000000 
1364	395	1.000000 
272	396	1.000000 
467	396	1.000000 
937	397	1.000000 
115	398	1.000000 
120	398	1.000000 
418	398	1.000000 
6	399	1.000000 
80	399	1.000000 
1217	399	1.000000 
215	400	1.000000 
766	400	1.000000 
1052	401	1.000000 
1356	401	1.000000 
1435	401	1.000000 
390	402	1.000000 
683	402	1.000000 
858	402	1.000000 
425	403	1.000000 
342	404	1.000000 
386	404	1.000000 
608	404	1.000000 
346	405	1.000000 
1233	405	1.000000 
388	406	1.000000 
533	406	1.000000 
1362	406	1.000000 
433	407	1.000000 
634	407	1.000000 
740	407	1.000000 
175	408	1.000000 
243	408	1.000000 
519	408	1.000000 
402	409	1.000000 
1346	409	1.000000 
537	410	1.000000 
593	410	1.000000 
1097	410	1.000000 
919	411	1.000000 
988	411	1.000000 
1466	411	1.000000 
619	412	1.000000 
972	412	1.000000 
1124	412	1.000000 
285	413	1.000000 
300	413	1.000000 
653	413	1.000000 
217	414	1.000000 
787	414	1.000000 
115	415	1.000000 
414	415	1.000000 
129	416	1.000000 
218	416	1.000000 
1465	416	1.000000 
70	417	1.000000 
1165	417	1.000000 
1454	417	1.000000 
500	418	1.000000 
1125	418	1.000000 
1415	418	1.000000 
28	419	1.000000 
259	419	1.000000 
1133	419	1.000000 
275	420	1.000000 
1093	420	1.000000 
1160	420	1.000000 
989	421	1.000000 
265	422	1.000000 
364	422	1.000000 
467	422	1.000000 
921	423	1.000000 
1045	423	1.000000 
1355	423	1.000000 
640	424	1.000000 
529	425	1.000000 
990	425	1.000000 
78	426	1.000000 
1109	426	1.000000 
889	427	1.000000 
1093	427	1.000000 
182	428	1.000000 
553	428	1.000000 
685	429	1.000000 
1174	429	1.000000 
767	430	1.000000 
822	430	1.000000 
1386	430	1.000000 
390	431	1.000000 
1454	431	1.000000 
226	432	1.000000 
602	432	1.000000 
729	433	1.000000 
944	433	1.000000 
29	434	1.000000 
64	435	1.000000 
251	435	1.000000 
1250	435	1.000000 
5	436	1.000000 
376	436	1.000000 
461	436	1.000000 
836	437	1.000000 
1338	437	1.000000 
279	438	1.000000 
658	439	1.000000 
1265	439	1.000000 
6	440	1.000000 
402	440	1.000000 
1267	440	1.000000 
628	441	1.000000 
753	441	1.000000 
1504	441	1.000000 
532	442	1.000000 
1045	443	1.000000 
1104	443	1.000000 
1502	443	1.000000 
641	444	1.000000 
1187	444	1.000000 
1272	444	1.000000 
80	445	1.000000 
104	445	1.000000 
889	445	1.000000 
164	446	1.000000 
505	446	1.000000 
728	446	1.000000 
1249	447	1.000000 
1095	448	1.000000 
1135	448	1.000000 
891	449	1.000000 
1388	449	1.000000 
277	450	1.000000 
1214	450	1.000000 
516	451	1.000000 
1128	451	1.000000 
1464	451	1.000000 
172	452	1.000000 
334	452	1.000000 
1473	452	1.000000 
679	453	1.000000 
889	453	1.000000 
1062	453	1.000000 
914	454	1.000000 
1362	454	1.000000 
77	455	1.000000 
297	455	1.000000 
1476	455	1.000000 
237	456	1.000000 
295	456	1.000000 
1056	456	1.000000 
485	457	1.000000 
1317	457	1.000000 
966	458	1.000000 
701	459	1.000000 
879	459	1.000000 
990	459	1.000000 
74	460	1.000000 
890	460	1.000000 
792	461	1.000000 
854	461	1.000000 
1031	461	1.000000 
52	462	1.000000 
1029	462	1.000000 
1501	462	1.000000 
789	463	1.000000 
1028	463	1.000000 
486	464	1.000000 
394	465	1.000000 
692	465	1.000000 
1428	465	1.000000 
292	466	1.000000 
327	466	1.000000 
244	467	1.000000 
378	467	1.000000 
516	467	1.000000 
233	468	1.000000 
419	468	1.000000 
894	468	1.000000 
274	469	1.000000 
1079	469	1.000000 
1522	469	1.000000 
159	470	1.000000 
297	471	1.000000 
661	471	1.000000 
752	471	1.000000 
321	472	1.000000 
1353	472	1.000000 
383	473	1.000000 
329	474	1.000000 
877	474	1.000000 
1174	474	1.000000 
191	475	1.000000 
1157	475	1.000000 
15	476	1.000000 
121	476	1.000000 
422	476	1.000000 
127	477	1.000000 
542	477	1.000000 
969	477	1.000000 
498	478	1.000000 
1179	478	1.000000 
1349	478	1.000000 
111	479	1.000000 
178	480	1.000000 
474	480	1.000000 
211	481	1.000000 
388	481	1.000000 
650	482	1.000000 
1116	482	1.000000 
703	483	1.000000 
104	484	1.000000 
259	484	1.000000 
818	484	1.000000 
49	485	1.000000 
536	485	1.000000 
1228	485	1.000000 
1014	486	1.000000 
1374	486	1.000000 
122	487	1.000000 
469	487	1.000000 
474	487	1.000000 
829	488	1.000000 
843	488	1.000000 
988	489	1.000000 
1444	489	1.000000 
809	490	1.000000 
52	491	1.000000 
1222	491	1.000000 
1400	491	1.000000 
1081	492	1.000000 
73	493	1.000000 
107	493	1.000000 
1248	493	1.000000 
646	494	1.000000 
1490	494	1.000000 
281	495	1.000000 
330	495	1.000000 
334	496	1.000000 
1018	496	1.000000 
810	497	1.000000 
231	498	1.000000 
445	498	1.000000 
865	498	1.000000 
271	499	1.000000 
491	499	1.000000 
927	499	1.000000 
53	500	1.000000 
178	501	1.000000 
182	501	1.000000 
517	501	1.000000 
311	502	1.000000 
665	502	1.000000 
789	502	1.000000 
754	503	1.000000 
266	504	1.000000 
601	504	1.000000 
1283	504	1.000000 
1375	505	1.000000 
432	506	1.000000 
595	507	1.000000 
817	507	1.000000 
157	508	1.000000 
316	508	1.000000 
1311	508	1.000000 
765	509	1.000000 
1139	509	1.000000 
1278	509	1.000000 
670	510	1.000000 
223	511	1.000000 
717	511	1.000000 
1525	511	1.000000 
1111	512	1.000000 
280	513	1.000000 
446	513	1.000000 
1186	513	1.000000 
48	514	1.000000 
346	515	1.000000 
468	515	1.000000 
1271	515	1.000000 
1148	516	1.000000 
103	517	1.000000 
142	517	1.000000 
1361	517	1.000000 
40	518	1.000000 
517	518	1.000000 
1239	518	1.000000 
239	519	1.000000 
516	519	1.000000 
924	519	1.000000 
5	520	1.000000 
581	520	1.000000 
859	521	1.000000 
952	521	1.000000 
449	522	1.000000 
564	522	1.000000 
799	523	1.000000 
380	524	1.000000 
491	524	1.000000 
763	524	1.000000 
260	525	1.000000 
312	525	1.000000 
427	525	1.000000 
911	526	1.000000 
263	527	1.000000 
1012	527	1.000000 
1216	527	1.000000 
584	528	1.000000 
388	529	1.000000 
841	529	1.000000 
918	529	1.000000 
27	530	1.000000 
261	530	1.000000 
727	530	1.000000 
1038	531	1.000000 
1377	531	1.000000 
1427	531	1.000000 
951	532	1.000000 
1321	532	1.000000 
688	533	1.000000 
929	533	1.000000 
1385	533	1.000000 
750	534	1.000000 
755	534	1.000000 
341	535	1.000000 
553	535	1.000000 
1406	535	1.000000 
102	536	1.000000 
910	536	1.000000 
421	537	1.000000 
416	538	1.000000 
908	538	1.000000 
1317	538	1.000000 
240	539	1.000000 
1018	539	1.000000 
1218	539	1.000000 
701	540	1.000000 
1263	540	1.000000 
635	541	1.000000 
95	542	1.000000 
928	542	1.000000 
1386	542	1.000000 
241	543	1.000000 
774	543	1.000000 
1065	543	1.000000 
335	544	1.000000 
1029	544	1.000000 
1264	544	1.000000 
485	545	1.000000 
1151	545	1.000000 
1341	545	1.000000 
393	546	1.000000 
1451	546	1.000000 
1378	547	1.000000 
56	548	1.000000 
62	548	1.000000 
1234	548	1.000000 
1169	549	1.000000 
261	550	1.000000 
334	550	1.000000 
1300	550	1.000000 
662	551	1.000000 
1459	551	1.000000 
105	552	1.000000 
112	552	1.000000 
1024	553	1.000000 
1185	554	1.000000 
1289	554	1.000000 
1504	554	1.000000 
616	555	1.000000 
880	555	1.000000 
1230	555	1.000000 
250	556	1.000000 
1053	556	1.000000 
1236	556	1.000000 
269	557	1.000000 
749	557	1.000000 
894	557	1.000000 
619	558	1.000000 
1166	558	1.000000 
1313	558	1.000000 
646	559	1.000000 
1120	559	1.000000 
1428	559	1.000000 
170	560	1.000000 
254	560	1.000000 
76	561	1.000000 
117	561	1.000000 
118	562	1.000000 
361	562	1.000000 
1295	562	1.000000 
26	563	1.000000 
149	563	1.000000 
1308	563	1.000000 
291	564	1.000000 
1015	564	1.000000 
1374	564	1.000000 
582	565	1.000000 
1406	565	1.000000 
516	566	1.000000 
1008	566	1.000000 
367	567	1.000000 
785	567	1.000000 
1319	567	1.000000 
702	568	1.000000 
1456	568	1.000000 
1522	568	1.000000 
419	569	1.000000 
903	569	1.000000 
1015	569	1.000000 
1056	570	1.000000 
1403	570	1.000000 
69	571	1.000000 
1330	571	1.000000 
3	572	1.000000 
1057	572	1.000000 
1338	572	1.000000 
756	573	1.000000 
1468	573	1.000000 
1054	574	1.000000 
1396	575	1.000000 
1498	575	1.000000 
358	576	1.000000 
561	576	1.000000 
1000	576	1.000000 
602	577	1.000000 
681	577	1.000000 
1000	577	1.000000 
449	578	1.000000 
586	578	1.000000 
1438	578	1.000000 
839	579	1.000000 
1038	579	1.000000 
855	580	1.000000 
33	581	1.000000 
524	581	1.000000 
825	581	1.000000 
997	582	1.000000 
902	583	1.000000 
417	584	1.000000 
724	584	1.000000 
158	585	1.000000 
939	585	1.000000 
742	586	1.000000 
586	587	1.000000 
943	587	1.000000 
1223	587	1.000000 
405	588	1.000000 
830	588	1.000000 
856	588	1.000000 
298	589	1.000000 
1379	589	1.000000 
1511	589	1.000000 
239	590	1.000000 
323	590	1.000000 
185	591	1.000000 
419	591	1.000000 
21	592	1.000000 
1079	592	1.000000 
15	593	1.000000 
478	593	1.000000 
853	593	1.000000 
958	594	1.000000 
1012	594	1.000000 
1304	595	1.000000 
753	596	1.000000 
779	596	1.000000 
976	596	1.000000 
743	597	1.000000 
879	597	1.000000 
1132	597	1.000000 
83	598	1.000000 
90	598	1.000000 
131	598	1.000000 
333	599	1.000000 
1512	599	1.000000 
531	600	1.000000 
892	600	1.000000 
245	601	1.000000 
274	602	1.000000 
1033	602	1.000000 
1513	602	1.000000 
277	603	1.000000 
468	603	1.000000 
921	603	1.000000 
464	604	1.000000 
1198	604	1.000000 
1511	604	1.000000 
158	605	1.000000 
1352	605	1.000000 
1525	605	1.000000 
364	606	1.000000 
784	606	1.000000 
1468	606	1.000000 
58	607	1.000000 
384	607	1.000000 
543	607	1.000000 
801	608	1.000000 
1040	608	1.000000 
1393	608	1.000000 
216	609	1.000000 
561	609	1.000000 
881	609	1.000000 
750	610	1.000000 
1466	610	1.000000 
1497	610	1.000000 
77	611	1.000000 
366	611	1.000000 
1074	611	1.000000 
229	612	1.000000 
616	612	1.000000 
1416	612	1.000000 
120	613	1.000000 
1216	613	1.000000 
1277	613	1.000000 
507	614	1.000000 
662	614	1.000000 
1032	614	1.000000 
210	615	1.000000 
446	615	1.000000 
1468	615	1.000000 
427	616	1.000000 
757	616	1.000000 
793	616	1.000000 
170	617	1.000000 
633	617	1.000000 
1273	617	1.000000 
805	618	1.000000 
321	619	1.000000 
427	619	1.000000 
1512	619	1.000000 
163	620	1.000000 
552	620	1.000000 
1161	620	1.000000 
40	621	1.000000 
44	621	1.000000 
219	621	1.000000 
60	622	1.000000 
1461	623	1.000000 
504	624	1.000000 
1470	624	1.000000 
910	625	1.000000 
1057	625	1.000000 
1179	625	1.000000 
30	626	1.000000 
889	626	1.000000 
1161	626	1.000000 
845	627	1.000000 
148	628	1.000000 
1036	628	1.000000 
1239	628	1.000000 
890	629	1.000000 
1068	629	1.000000 
1458	629	1.000000 
1098	630	1.000000 
1405	630	1.000000 
1435	630	1.000000 
195	631	1.000000 
220	631	1.000000 
256	631	1.000000 
1183	632	1.000000 
1150	633	1.000000 
1416	633	1.000000 
511	634	1.000000 
942	634	1.000000 
1493	634	1.000000 
265	635	1.000000 
1485	635	1.000000 
66	636	1.000000 
510	636	1.000000 
1050	636	1.000000 
179	637	1.000000 
218	638	1.000000 
613	638	1.000000 
1013	638	1.000000 
1037	639	1.000000 
317	640	1.000000 
869	640	1.000000 
1352	640	1.000000 
413	641	1.000000 
945	642	1.000000 
529	643	1.000000 
1032	643	1.000000 
1413	643	1.000000 
6	644	1.000000 
695	644	1.000000 
771	645	1.000000 
873	645	1.000000 
1160	645	1.000000 
704	646	1.000000 
525	647	1.000000 
537	647	1.000000 
1149	647	1.000000 
240	648	1.000000 
393	648	1.000000 
1196	648	1.000000 
1047	649	1.000000 
434	650	1.000000 
619	650	1.000000 
325	651	1.000000 
552	651	1.000000 
590	651	1.000000 
711	652	1.000000 
299	653	1.000000 
675	653	1.000000 
871	653	1.000000 
1128	654	1.000000 
1171	654	1.000000 
502	655	1.000000 
476	656	1.000000 
872	656	1.000000 
89	657	1.000000 
898	657	1.000000 
998	657	1.000000 
105	658	1.000000 
1083	658	1.000000 
1089	658	1.000000 
106	659	1.000000 
904	659	1.000000 
317	660	1.000000 
1442	660	1.000000 
1491	660	1.000000 
1466	661	1.000000 
1491	661	1.000000 
1143	662	1.000000 
1165	662	1.000000 
1514	662	1.000000 
468	663	1.000000 
607	663	1.000000 
1272	663	1.000000 
311	664	1.000000 
422	664	1.000000 
985	665	1.000000 
415	666	1.000000 
866	666	1.000000 
1276	666	1.000000 
99	667	1.000000 
1217	667	1.000000 
86	668	1.000000 
740	668	1.000000 
1207	668	1.000000 
44	669	1.000000 
56	669	1.000000 
1080	669	1.000000 
331	670	1.000000 
227	671	1.000000 
271	672	1.000000 
812	672	1.000000 
1470	672	1.000000 
955	673	1.000000 
1326	673	1.000000 
166	674	1.000000 
904	674	1.000000 
1239	674	1.000000 
403	675	1.000000 
411	675	1.000000 
1103	675	1.000000 
173	676	1.000000 
267	677	1.000000 
1146	677	1.000000 
1418	677	1.000000 
382	678	1.000000 
988	678	1.000000 
1503	678	1.000000 
1129	679	1.000000 
120	680	1.000000 
1329	680	1.000000 
1218	681	1.000000 
1321	681	1.000000 
1458	681	1.000000 
78	682	1.000000 
256	682	1.000000 
930	682	1.000000 
154	683	1.000000 
287	684	1.000000 
837	684	1.000000 
1239	684	1.000000 
184	685	1.000000 
467	685	1.000000 
926	685	1.000000 
863	686	1.000000 
1185	686	1.000000 
1502	686	1.000000 
1010	687	1.000000 
1112	688	1.000000 
825	689	1.000000 
1073	689	1.000000 
281	690	1.000000 
340	690	1.000000 
523	690	1.000000 
226	691	1.000000 
826	691	1.000000 
1403	691	1.000000 
965	692	1.000000 
191	693	1.000000 
1255	693	1.000000 
1278	693	1.000000 
87	694	1.000000 
667	694	1.000000 
834	694	1.000000 
543	695	1.000000 
1438	695	1.000000 
128	696	1.000000 
142	696	1.000000 
596	697	1.000000 
795	697	1.000000 
1146	697	1.000000 
292	698	1.000000 
892	698	1.000000 
1228	698	1.000000 
63	699	1.000000 
110	700	1.000000 
1272	700	1.000000 
335	701	1.000000 
1250	701	1.000000 
33	702	1.000000 
551	702	1.000000 
158	703	1.000000 
1003	703	1.000000 
1517	703	1.000000 
638	704	1.000000 
273	705	1.000000 
1217	705	1.000000 
1433	705	1.000000 
455	706	1.000000 
696	706	1.000000 
204	707	1.000000 
333	707	1.000000 
601	707	1.000000 
391	708	1.000000 
865	708	1.000000 
1322	708	1.000000 
812	709	1.000000 
831	709	1.000000 
1167	709	1.000000 
606	710	1.000000 
905	711	1.000000 
1089	711	1.000000 
1335	711	1.000000 
664	712	1.000000 
806	712	1.000000 
1464	712	1.000000 
1262	713	1.000000 
912	714	1.000000 
473	715	1.000000 
327	716	1.000000 
762	716	1.000000 
1309	716	1.000000 
26	717	1.000000 
999	717	1.000000 
568	718	1.000000 
1188	718	1.000000 
1497	718	1.000000 
153	719	1.000000 
1341	719	1.000000 
464	720	1.000000 
815	720	1.000000 
1063	720	1.000000 
313	721	1.000000 
925	721	1.000000 
1353	721	1.000000 
782	722	1.000000 
900	722	1.000000 
185	723	1.000000 
1032	723	1.000000 
1452	723	1.000000 
1033	724	1.000000 
1503	724	1.000000 
932	725	1.000000 
121	726	1.000000 
171	726	1.000000 
449	726	1.000000 
591	727	1.000000 
749	727	1.000000 
1046	727	1.000000 
122	728	1.000000 
276	728	1.000000 
1013	728	1.000000 
287	729	1.000000 
561	729	1.000000 
566	729	1.000000 
456	730	1.000000 
1442	730	1.000000 
549	731	1.000000 
1198	731	1.000000 
697	732	1.000000 
811	732	1.000000 
238	733	1.000000 
689	733	1.000000 
724	733	1.000000 
155	734	1.000000 
489	734	1.000000 
1296	735	1.000000 
1502	735	1.000000 
567	736	1.000000 
1062	736	1.000000 
101	737	1.000000 
146	737	1.000000 
1451	737	1.000000 
1533	738	1.000000 
1270	739	1.000000 
377	740	1.000000 
594	740	1.000000 
1357	740	1.000000 
1394	741	1.000000 
230	742	1.000000 
361	742	1.000000 
800	742	1.000000 
78	743	1.000000 
870	743	1.000000 
1410	743	1.000000 
1091	744	1.000000 
1371	744	1.000000 
1232	745	1.000000 
231	746	1.000000 
771	746	1.000000 
1300	746	1.000000 
403	747	1.000000 
1032	747	1.000000 
1289	747	1.000000 
403	748	1.000000 
434	748	1.000000 
1437	748	1.000000 
138	749	1.000000 
804	750	1.000000 
1157	750	1.000000 
1451	750	1.000000 
1072	751	1.000000 
135	752	1.000000 
1245	752	1.000000 
1075	753	1.000000 
1281	753	1.000000 
228	754	1.000000 
859	754	1.000000 
1328	754	1.000000 
297	755	1.000000 
1507	755	1.000000 
316	756	1.000000 
554	756	1.000000 
1039	756	1.000000 
85	757	1.000000 
263	757	1.000000 
414	757	1.000000 
873	758	1.000000 
927	758	1.000000 
169	759	1.000000 
544	759	1.000000 
961	759	1.000000 
806	760	1.000000 
915	760	1.000000 
953	760	1.000000 
657	761	1.000000 
981	761	1.000000 
1497	761	1.000000 
386	762	1.000000 
1457	762	1.000000 
1014	763	1.000000 
1086	763	1.000000 
1263	763	1.000000 
371	764	1.000000 
678	765	1.000000 
1464	765	1.000000 
351	766	1.000000 
1501	766	1.000000 
325	767	1.000000 
641	767	1.000000 
354	768	1.000000 
578	768	1.000000 
1526	768	1.000000 
1004	769	1.000000 
1247	770	1.000000 
1139	771	1.000000 
1486	771	1.000000 
108	772	1.000000 
366	772	1.000000 
625	772	1.000000 
352	773	1.000000 
378	773	1.000000 
760	773	1.000000 
835	774	1.000000 
1207	775	1.000000 
1208	775	1.000000 
1517	775	1.000000 
1303	776	1.000000 
28	777	1.000000 
497	777	1.000000 
534	777	1.000000 
916	778	1.000000 
523	779	1.000000 
593	779	1.000000 
15	780	1.000000 
110	780	1.000000 
1053	780	1.000000 
468	781	1.000000 
784	781	1.000000 
675	782	1.000000 
733	782	1.000000 
783	783	1.000000 
1209	783	1.000000 
1296	783	1.000000 
660	784	1.000000 
1120	784	1.000000 
1291	784	1.000000 
1342	785	1.000000 
647	786	1.000000 
274	787	1.000000 
1116	787	1.000000 
1286	787	1.000000 
617	788	1.000000 
203	789	1.000000 
1297	789	1.000000 
22	790	1.000000 
101	790	1.000000 
1141	790	1.000000 
90	791	1.000000 
233	791	1.000000 
363	791	1.000000 
1305	792	1.000000 
112	793	1.000000 
561	793	1.000000 
702	793	1.000000 
47	794	1.000000 
429	795	1.000000 
555	796	1.000000 
1357	796	1.000000 
1400	796	1.000000 
196	797	1.000000 
1140	797	1.000000 
1365	797	1.000000 
1119	798	1.000000 
151	799	1.000000 
544	799	1.000000 
537	800	1.000000 
1293	800	1.000000 
1382	800	1.000000 
468	801	1.000000 
531	801	1.000000 
848	801	1.000000 
726	802	1.000000 
1318	802	1.000000 
1513	802	1.000000 
184	803	1.000000 
534	803	1.000000 
844	803	1.000000 
1	804	1.000000 
241	804	1.000000 
891	804	1.000000 
961	805	1.000000 
1278	805	1.000000 
1279	805	1.000000 
130	806	1.000000 
151	807	1.000000 
489	807	1.000000 
830	807	1.000000 
568	808	1.000000 
667	808	1.000000 
506	809	1.000000 
208	810	1.000000 
1426	810	1.000000 
1285	811	1.000000 
10	812	1.000000 
573	812	1.000000 
739	812	1.000000 
634	813	1.000000 
837	813	1.000000 
32	814	1.000000 
394	814	1.000000 
551	814	1.000000 
86	815	1.000000 
853	815	1.000000 
774	816	1.000000 
1165	816	1.000000 
1492	816	1.000000 
242	817	1.000000 
316	818	1.000000 
1471	818	1.000000 
908	819	1.000000 
950	819	1.000000 
282	820	1.000000 
172	821	1.000000 
238	821	1.000000 
1188	821	1.000000 
1340	822	1.000000 
225	823	1.000000 
846	823	1.000000 
1127	823	1.000000 
663	824	1.000000 
697	824	1.000000 
1220	824	1.000000 
291	825	1.000000 
785	825	1.000000 
813	826	1.000000 
79	827	1.000000 
620	827	1.000000 
626	827	1.000000 
172	828	1.000000 
405	828	1.000000 
46	829	1.000000 
1278	829	1.000000 
1297	829	1.000000 
61	830	1.000000 
669	830	1.000000 
968	830	1.000000 
462	831	1.000000 
609	831	1.000000 
879	831	1.000000 
115	832	1.000000 
1057	832	1.000000 
1261	832	1.000000 
18	833	1.000000 
197	833	1.000000 
869	833	1.000000 
70	834	1.000000 
439	834	1.000000 
905	834	1.000000 
233	835	1.000000 
417	835	1.000000 
495	835	1.000000 
78	836	1.000000 
168	836	1.000000 
1322	836	1.000000 
174	837	1.000000 
656	837	1.000000 
812	837	1.000000 
847	838	1.000000 
1008	838	1.000000 
1490	838	1.000000 
141	839	1.000000 
283	839	1.000000 
1296	839	1.000000 
351	840	1.000000 
591	840	1.000000 
595	840	1.000000 
959	841	1.000000 
1113	842	1.000000 
712	843	1.000000 
791	843	1.000000 
273	844	1.000000 
726	844	1.000000 
1465	844	1.000000 
10	845	1.000000 
702	845	1.000000 
618	846	1.000000 
1050	847	1.000000 
1056	847	1.000000 
1447	847	1.000000 
175	848	1.000000 
680	848	1.000000 
929	848	1.000000 
231	849	1.000000 
1062	849	1.000000 
1284	849	1.000000 
385	850	1.000000 
929	850	1.000000 
258	851	1.000000 
446	851	1.000000 
765	851	1.000000 
1445	852	1.000000 
614	853	1.000000 
838	853	1.000000 
1073	853	1.000000 
547	854	1.000000 
240	855	1.000000 
672	855	1.000000 
677	855	1.000000 
241	856	1.000000 
1208	856	1.000000 
265	857	1.000000 
762	857	1.000000 
798	857	1.000000 
197	858	1.000000 
1437	858	1.000000 
294	859	1.000000 
416	859	1.000000 
1115	859	1.000000 
379	860	1.000000 
1515	860	1.000000 
696	861	1.000000 
1324	861	1.000000 
1425	861	1.000000 
39	862	1.000000 
470	862	1.000000 
1505	863	1.000000 
223	864	1.000000 
1511	864	1.000000 
396	865	1.000000 
733	865	1.000000 
1209	865	1.000000 
106	866	1.000000 
988	866	1.000000 
1322	866	1.000000 
536	867	1.000000 
605	867	1.000000 
667	867	1.000000 
315	868	1.000000 
1019	869	1.000000 
22	870	1.000000 
539	870	1.000000 
920	870	1.000000 
4	871	1.000000 
426	871	1.000000 
689	872	1.000000 
1382	872	1.000000 
491	873	1.000000 
722	873	1.000000 
930	873	1.000000 
1411	874	1.000000 
753	875	1.000000 
1313	875	1.000000 
1422	875	1.000000 
437	876	1.000000 
148	877	1.000000 
317	877	1.000000 
1381	877	1.000000 
494	878	1.000000 
1108	878	1.000000 
237	879	1.000000 
1365	879	1.000000 
590	880	1.000000 
684	880	1.000000 
1407	880	1.000000 
739	881	1.000000 
947	881	1.000000 
1347	881	1.000000 
1025	882	1.000000 
234	883	1.000000 
246	883	1.000000 
341	884	1.000000 
953	884	1.000000 
28	885	1.000000 
43	885	1.000000 
373	886	1.000000 
1124	887	1.000000 
1328	887	1.000000 
1403	887	1.000000 
1472	888	1.000000 
539	889	1.000000 
757	889	1.000000 
775	889	1.000000 
302	890	1.000000 
730	891	1.000000 
128	892	1.000000 
597	892	1.000000 
729	892	1.000000 
81	893	1.000000 
389	894	1.000000 
979	895	1.000000 
291	896	1.000000 
460	896	1.000000 
854	896	1.000000 
887	897	1.000000 
1001	897	1.000000 
481	898	1.000000 
32	899	1.000000 
613	899	1.000000 
1046	899	1.000000 
337	900	1.000000 
375	901	1.000000 
600	901	1.000000 
1514	901	1.000000 
412	902	1.000000 
918	902	1.000000 
741	903	1.000000 
887	903	1.000000 
1457	903	1.000000 
1402	904	1.000000 
925	905	1.000000 
1042	905	1.000000 
458	906	1.000000 
952	906	1.000000 
981	906	1.000000 
113	907	1.000000 
749	907	1.000000 
613	908	1.000000 
644	908	1.000000 
1489	908	1.000000 
366	909	1.000000 
930	909	1.000000 
90	910	1.000000 
181	910	1.000000 
732	910	1.000000 
275	911	1.000000 
702	911	1.000000 
1068	911	1.000000 
1164	912	1.000000 
1237	912	1.000000 
397	913	1.000000 
504	913	1.000000 
991	913	1.000000 
956	914	1.000000 
1389	915	1.000000 
220	916	1.000000 
1176	916	1.000000 
1353	916	1.000000 
758	917	1.000000 
1240	917	1.000000 
772	918	1.000000 
1005	919	1.000000 
1167	919	1.000000 
849	920	1.000000 
133	921	1.000000 
1308	921	1.000000 
126	922	1.000000 
1355	922	1.000000 
68	923	1.000000 
636	924	1.000000 
1122	924	1.000000 
1308	924	1.000000 
496	925	1.000000 
332	926	1.000000 
856	926	1.000000 
1065	926	1.000000 
136	927	1.000000 
42	928	1.000000 
351	929	1.000000 
1109	929	1.000000 
1442	929	1.000000 
512	930	1.000000 
1393	930	1.000000 
1431	931	1.000000 
73	932	1.000000 
88	932	1.000000 
782	932	1.000000 
129	933	1.000000 
680	933	1.000000 
1308	933	1.000000 
1162	934	1.000000 
423	935	1.000000 
1478	936	1.000000 
719	937	1.000000 
354	938	1.000000 
938	938	1.000000 
1149	938	1.000000 
609	939	1.000000 
619	939	1.000000 
891	939	1.000000 
734	940	1.000000 
326	941	1.000000 
1245	941	1.000000 
1311	941	1.000000 
184	942	1.000000 
625	942	1.000000 
1275	942	1.000000 
170	943	1.000000 
1283	943	1.000000 
1454	943	1.000000 
319	944	1.000000 
451	944	1.000000 
791	944	1.000000 
49	945	1.000000 
573	945	1.000000 
210	946	1.000000 
798	946	1.000000 
1171	946	1.000000 
458	947	1.000000 
822	947	1.000000 
1204	947	1.000000 
156	948	1.000000 
624	948	1.000000 
722	948	1.000000 
39	949	1.000000 
107	949	1.000000 
957	949	1.000000 
358	950	1.000000 
539	950	1.000000 
1338	950	1.000000 
1137	951	1.000000 
1277	951	1.000000 
575	952	1.000000 
1091	952	1.000000 
1388	952	1.000000 
884	953	1.000000 
1165	953	1.000000 
176	954	1.000000 
254	954	1.000000 
259	954	1.000000 
1401	955	1.000000 
471	956	1.000000 
942	956	1.000000 
1482	956	1.000000 
856	957	1.000000 
904	957	1.000000 
1489	957	1.000000 
1325	958	1.000000 
1177	959	1.000000 
577	960	1.000000 
765	960	1.000000 
816	961	1.000000 
839	961	1.000000 
1349	961	1.000000 
877	962	1.000000 
1283	962	1.000000 
1382	962	1.000000 
298	963	1.000000 
708	963	1.000000 
1218	963	1.000000 
203	964	1.000000 
1015	964	1.000000 
1201	964	1.000000 
741	965	1.000000 
1017	965	1.000000 
204	966	1.000000 
1068	966	1.000000 
1510	967	1.000000 
382	968	1.000000 
1134	968	1.000000 
94	969	1.000000 
1534	970	1.000000 
491	971	1.000000 
1066	971	1.000000 
1300	971	1.000000 
752	972	1.000000 
1097	972	1.000000 
1043	973	1.000000 
464	974	1.000000 
798	974	1.000000 
908	974	1.000000 
1088	975	1.000000 
1260	975	1.000000 
819	976	1.000000 
913	977	1.000000 
147	978	1.000000 
262	978	1.000000 
990	978	1.000000 
866	979	1.000000 
1146	979	1.000000 
1001	980	1.000000 
1293	980	1.000000 
1490	980	1.000000 
526	981	1.000000 
399	982	1.000000 
1002	982	1.000000 
587	983	1.000000 
758	983	1.000000 
1233	983	1.000000 
1195	984	1.000000 
190	985	1.000000 
897	985	1.000000 
1453	985	1.000000 
870	986	1.000000 
903	986	1.000000 
27	987	1.000000 
1334	987	1.000000 
1471	987	1.000000 
471	988	1.000000 
1090	988	1.000000 
1280	988	1.000000 
380	989	1.000000 
585	989	1.000000 
44	990	1.000000 
263	990	1.000000 
559	990	1.000000 
751	991	1.000000 
579	992	1.000000 
89	993	1.000000 
668	993	1.000000 
1115	993	1.000000 
30	994	1.000000 
88	994	1.000000 
863	995	1.000000 
1067	995	1.000000 
1363	995	1.000000 
775	996	1.000000 
1524	996	1.000000 
313	997	1.000000 
1156	997	1.000000 
1387	997	1.000000 
804	998	1.000000 
1449	998	1.000000 
225	999	1.000000 
1347	999	1.000000 
838	1000	1.000000 
1273	1000	1.000000 
1426	1000	1.000000 
626	1001	1.000000 
943	1001	1.000000 
1011	1001	1.000000 
544	1002	1.000000 
672	1002	1.000000 
1443	1002	1.000000 
58	1003	1.000000 
955	1003	1.000000 
1377	1003	1.000000 
458	1004	1.000000 
1090	1004	1.000000 
214	1005	1.000000 
1073	1005	1.000000 
1436	1005	1.000000 
1011	1006	1.000000 
1410	1006	1.000000 
573	1007	1.000000 
1276	1007	1.000000 
1444	1007	1.000000 
109	1008	1.000000 
716	1008	1.000000 
926	1008	1.000000 
869	1009	1.000000 
1194	1009	1.000000 
51	1010	1.000000 
619	1010	1.000000 
1519	1010	1.000000 
64	1011	1.000000 
194	1011	1.000000 
782	1011	1.000000 
621	1012	1.000000 
625	1012	1.000000 
1358	1012	1.000000 
976	1013	1.000000 
1259	1013	1.000000 
211	1014	1.000000 
656	1014	1.000000 
1055	1014	1.000000 
15	1015	1.000000 
1242	1015	1.000000 
61	1016	1.000000 
1049	1016	1.000000 
963	1017	1.000000 
217	1018	1.000000 
583	1018	1.000000 
1185	1018	1.000000 
26	1019	1.000000 
756	1019	1.000000 
1167	1019	1.000000 
853	1020	1.000000 
1234	1020	1.000000 
1410	1020	1.000000 
400	1021	1.000000 
732	1021	1.000000 
1203	1022	1.000000 
1508	1023	1.000000 
157	1024	1.000000 
1087	1024	1.000000 
924	1025	1.000000 
1284	1025	1.000000 
816	1026	1.000000 
1046	1026	1.000000 
87	1027	1.000000 
1166	1027	1.000000 
1487	1028	1.000000 
1222	1029	1.000000 
1272	1029	1.000000 
1274	1029	1.000000 
1110	1030	1.000000 
163	1031	1.000000 
740	1031	1.000000 
215	1032	1.000000 
950	1032	1.000000 
1174	1032	1.000000 
431	1033	1.000000 
234	1034	1.000000 
743	1034	1.000000 
1452	1034	1.000000 
644	1035	1.000000 
1315	1035	1.000000 
37	1036	1.000000 
513	1037	1.000000 
1044	1037	1.000000 
133	1038	1.000000 
616	1038	1.000000 
817	1038	1.000000 
980	1039	1.000000 
260	1040	1.000000 
352	1040	1.000000 
385	1040	1.000000 
1448	1041	1.000000 
482	1042	1.000000 
1077	1043	1.000000 
476	1044	1.000000 
544	1044	1.000000 
1522	1044	1.000000 
184	1045	1.000000 
923	1045	1.000000 
709	1046	1.000000 
1154	1046	1.000000 
1196	1046	1.000000 
621	1047	1.000000 
1032	1047	1.000000 
210	1048	1.000000 
1124	1048	1.000000 
108	1049	1.000000 
487	1049	1.000000 
335	1050	1.000000 
339	1050	1.000000 
556	1050	1.000000 
87	1051	1.000000 
541	1051	1.000000 
1464	1051	1.000000 
144	1052	1.000000 
175	1052	1.000000 
464	1053	1.000000 
476	1053	1.000000 
1134	1053	1.000000 
263	1054	1.000000 
1002	1054	1.000000 
1212	1054	1.000000 
12	1055	1.000000 
784	1056	1.000000 
1416	1056	1.000000 
1524	1056	1.000000 
974	1057	1.000000 
311	1058	1.000000 
1210	1058	1.000000 
1330	1058	1.000000 
970	1059	1.000000 
687	1060	1.000000 
1384	1060	1.000000 
768	1061	1.000000 
1122	1061	1.000000 
1234	1061	1.000000 
110	1062	1.000000 
655	1062	1.000000 
1443	1062	1.000000 
306	1063	1.000000 
41	1064	1.000000 
543	1064	1.000000 
1383	1064	1.000000 
293	1065	1.000000 
838	1066	1.000000 
953	1066	1.000000 
1003	1066	1.000000 
1320	1067	1.000000 
551	1068	1.000000 
752	1068	1.000000 
886	1068	1.000000 
356	1069	1.000000 
1323	1070	1.000000 
417	1071	1.000000 
479	1071	1.000000 
1383	1071	1.000000 
51	1072	1.000000 
146	1072	1.000000 
684	1073	1.000000 
1188	1073	1.000000 
249	1074	1.000000 
254	1074	1.000000 
826	1074	1.000000 
359	1075	1.000000 
1298	1075	1.000000 
1422	1075	1.000000 
64	1076	1.000000 
1063	1076	1.000000 
1200	1076	1.000000 
263	1077	1.000000 
555	1077	1.000000 
148	1078	1.000000 
183	1078	1.000000 
1248	1078	1.000000 
119	1079	1.000000 
447	1079	1.000000 
1136	1079	1.000000 
933	1080	1.000000 
1022	1080	1.000000 
1292	1080	1.000000 
354	1081	1.000000 
1361	1081	1.000000 
1532	1081	1.000000 
1051	1082	1.000000 
288	1083	1.000000 
590	1083	1.000000 
1493	1083	1.000000 
172	1084	1.000000 
1108	1084	1.000000 
1173	1084	1.000000 
49	1085	1.000000 
875	1085	1.000000 
1029	1085	1.000000 
558	1086	1.000000 
848	1086	1.000000 
395	1087	1.000000 
33	1088	1.000000 
103	1088	1.000000 
391	1088	1.000000 
271	1089	1.000000 
544	1089	1.000000 
611	1089	1.000000 
224	1090	1.000000 
542	1090	1.000000 
204	1091	1.000000 
1165	1091	1.000000 
1529	1091	1.000000 
107	1092	1.000000 
868	1092	1.000000 
250	1093	1.000000 
1121	1093	1.000000 
21	1094	1.000000 
61	1094	1.000000 
1233	1094	1.000000 
114	1095	1.000000 
317	1095	1.000000 
943	1095	1.000000 
203	1096	1.000000 
361	1096	1.000000 
365	1096	1.000000 
102	1097	1.000000 
935	1097	1.000000 
1459	1097	1.000000 
651	1098	1.000000 
716	1098	1.000000 
765	1098	1.000000 
893	1099	1.000000 
1172	1099	1.000000 
1280	1099	1.000000 
109	1100	1.000000 
950	1100	1.000000 
1083	1100	1.000000 
1460	1101	1.000000 
132	1102	1.000000 
266	1102	1.000000 
327	1102	1.000000 
89	1103	1.000000 
722	1103	1.000000 
786	1103	1.000000 
779	1104	1.000000 
1213	1104	1.000000 
90	1105	1.000000 
147	1105	1.000000 
412	1105	1.000000 
522	1106	1.000000 
1315	1106	1.000000 
1447	1106	1.000000 
401	1107	1.000000 
87	1108	1.000000 
494	1108	1.000000 
1385	1108	1.000000 
524	1109	1.000000 
1335	1109	1.000000 
1358	1109	1.000000 
847	1110	1.000000 
1002	1110	1.000000 
1527	1110	1.000000 
148	1111	1.000000 
1154	1111	1.000000 
167	1112	1.000000 
146	1113	1.000000 
200	1113	1.000000 
313	1113	1.000000 
168	1114	1.000000 
872	1114	1.000000 
1393	1114	1.000000 
309	1115	1.000000 
631	1116	1.000000 
211	1117	1.000000 
1317	1117	1.000000 
1426	1117	1.000000 
178	1118	1.000000 
244	1118	1.000000 
1493	1118	1.000000 
1059	1119	1.000000 
1398	1120	1.000000 
207	1121	1.000000 
706	1122	1.000000 
1114	1122	1.000000 
214	1123	1.000000 
1239	1123	1.000000 
984	1124	1.000000 
545	1125	1.000000 
885	1125	1.000000 
289	1126	1.000000 
1142	1127	1.000000 
321	1128	1.000000 
682	1128	1.000000 
1456	1128	1.000000 
758	1129	1.000000 
1176	1129	1.000000 
1498	1129	1.000000 
1168	1130	1.000000 
873	1131	1.000000 
1214	1131	1.000000 
1298	1131	1.000000 
530	1132	1.000000 
821	1132	1.000000 
1525	1132	1.000000 
559	1133	1.000000 
626	1133	1.000000 
1114	1133	1.000000 
1211	1134	1.000000 
62	1135	1.000000 
453	1135	1.000000 
1485	1135	1.000000 
424	1136	1.000000 
1385	1136	1.000000 
343	1137	1.000000 
539	1137	1.000000 
866	1137	1.000000 
478	1138	1.000000 
1093	1138	1.000000 
1172	1138	1.000000 
57	1139	1.000000 
721	1139	1.000000 
1104	1139	1.000000 
1000	1140	1.000000 
1088	1140	1.000000 
1374	1140	1.000000 
222	1141	1.000000 
32	1142	1.000000 
826	1142	1.000000 
898	1142	1.000000 
1390	1143	1.000000 
1226	1144	1.000000 
1499	1144	1.000000 
1034	1145	1.000000 
1057	1145	1.000000 
778	1146	1.000000 
192	1147	1.000000 
378	1148	1.000000 
562	1148	1.000000 
72	1149	1.000000 
291	1149	1.000000 
1226	1149	1.000000 
195	1150	1.000000 
343	1150	1.000000 
397	1150	1.000000 
1020	1151	1.000000 
409	1152	1.000000 
1028	1152	1.000000 
1208	1152	1.000000 
960	1153	1.000000 
624	1154	1.000000 
1330	1154	1.000000 
1469	1154	1.000000 
270	1155	1.000000 
536	1155	1.000000 
659	1156	1.000000 
856	1157	1.000000 
1529	1157	1.000000 
14	1158	1.000000 
864	1159	1.000000 
1039	1159	1.000000 
165	1160	1.000000 
794	1161	1.000000 
901	1162	1.000000 
1096	1163	1.000000 
266	1164	1.000000 
495	1164	1.000000 
875	1164	1.000000 
820	1165	1.000000 
717	1166	1.000000 
727	1166	1.000000 
988	1167	1.000000 
1417	1167	1.000000 
1471	1167	1.000000 
499	1168	1.000000 
909	1168	1.000000 
20	1169	1.000000 
1141	1169	1.000000 
1284	1169	1.000000 
430	1170	1.000000 
299	1171	1.000000 
609	1171	1.000000 
1094	1171	1.000000 
381	1172	1.000000 
1409	1172	1.000000 
1469	1172	1.000000 
22	1173	1.000000 
1156	1173	1.000000 
1	1174	1.000000 
896	1174	1.000000 
1361	1174	1.000000 
769	1175	1.000000 
815	1175	1.000000 
609	1176	1.000000 
1481	1176	1.000000 
82	1177	1.000000 
278	1177	1.000000 
1192	1177	1.000000 
21	1178	1.000000 
35	1178	1.000000 
143	1178	1.000000 
147	1179	1.000000 
698	1179	1.000000 
114	1180	1.000000 
656	1180	1.000000 
50	1181	1.000000 
1136	1182	1.000000 
1196	1182	1.000000 
1221	1182	1.000000 
160	1183	1.000000 
847	1184	1.000000 
893	1184	1.000000 
375	1185	1.000000 
899	1185	1.000000 
679	1186	1.000000 
1493	1186	1.000000 
238	1187	1.000000 
697	1187	1.000000 
1290	1187	1.000000 
836	1188	1.000000 
848	1188	1.000000 
865	1188	1.000000 
149	1189	1.000000 
416	1189	1.000000 
883	1190	1.000000 
1210	1190	1.000000 
1442	1190	1.000000 
34	1191	1.000000 
608	1192	1.000000 
1118	1192	1.000000 
1277	1192	1.000000 
491	1193	1.000000 
906	1193	1.000000 
9	1194	1.000000 
652	1195	1.000000 
228	1196	1.000000 
625	1196	1.000000 
1324	1196	1.000000 
359	1197	1.000000 
381	1197	1.000000 
1427	1197	1.000000 
344	1198	1.000000 
826	1198	1.000000 
82	1199	1.000000 
545	1199	1.000000 
599	1199	1.000000 
33	1200	1.000000 
514	1200	1.000000 
582	1200	1.000000 
65	1201	1.000000 
158	1201	1.000000 
417	1201	1.000000 
322	1202	1.000000 
1031	1202	1.000000 
1075	1202	1.000000 
161	1203	1.000000 
566	1204	1.000000 
1366	1204	1.000000 
1359	1205	1.000000 
56	1206	1.000000 
90	1206	1.000000 
209	1207	1.000000 
830	1207	1.000000 
131	1208	1.000000 
231	1208	1.000000 
1477	1208	1.000000 
1360	1209	1.000000 
185	1210	1.000000 
470	1210	1.000000 
1215	1210	1.000000 
876	1211	1.000000 
1282	1212	1.000000 
291	1213	1.000000 
1315	1213	1.000000 
1384	1213	1.000000 
190	1214	1.000000 
513	1214	1.000000 
958	1214	1.000000 
88	1215	1.000000 
857	1215	1.000000 
933	1215	1.000000 
1085	1216	1.000000 
573	1217	1.000000 
643	1217	1.000000 
1507	1217	1.000000 
605	1218	1.000000 
1185	1218	1.000000 
1265	1218	1.000000 
725	1219	1.000000 
636	1220	1.000000 
716	1220	1.000000 
328	1221	1.000000 
2	1222	1.000000 
126	1222	1.000000 
533	1222	1.000000 
241	1223	1.000000 
1034	1223	1.000000 
1198	1223	1.000000 
485	1224	1.000000 
729	1224	1.000000 
806	1224	1.000000 
735	1225	1.000000 
1122	1225	1.000000 
230	1226	1.000000 
806	1226	1.000000 
140	1227	1.000000 
676	1227	1.000000 
93	1228	1.000000 
897	1229	1.000000 
926	1229	1.000000 
661	1230	1.000000 
1079	1230	1.000000 
1514	1230	1.000000 
1082	1231	1.000000 
114	1232	1.000000 
340	1232	1.000000 
1122	1232	1.000000 
2	1233	1.000000 
224	1233	1.000000 
885	1233	1.000000 
1373	1234	1.000000 
571	1235	1.000000 
1030	1236	1.000000 
1322	1236	1.000000 
786	1237	1.000000 
1424	1237	1.000000 
1	1238	1.000000 
991	1238	1.000000 
1281	1238	1.000000 
445	1239	1.000000 
859	1239	1.000000 
1393	1239	1.000000 
409	1240	1.000000 
504	1240	1.000000 
1259	1240	1.000000 
885	1241	1.000000 
903	1241	1.000000 
987	1241	1.000000 
57	1242	1.000000 
718	1242	1.000000 
755	1242	1.000000 
467	1243	1.000000 
940	1243	1.000000 
1265	1243	1.000000 
172	1244	1.000000 
718	1244	1.000000 
1395	1244	1.000000 
454	1245	1.000000 
596	1246	1.000000 
600	1246	1.000000 
1039	1246	1.000000 
79	1247	1.000000 
85	1247	1.000000 
143	1247	1.000000 
370	1248	1.000000 
658	1248	1.000000 
1150	1248	1.000000 
1023	1249	1.000000 
1124	1249	1.000000 
1458	1249	1.000000 
69	1250	1.000000 
513	1250	1.000000 
806	1250	1.000000 
369	1251	1.000000 
787	1251	1.000000 
1070	1251	1.000000 
137	1252	1.000000 
633	1253	1.000000 
1053	1253	1.000000 
1327	1254	1.000000 
1483	1255	1.000000 
202	1256	1.000000 
673	1256	1.000000 
976	1256	1.000000 
106	1257	1.000000 
817	1257	1.000000 
892	1257	1.000000 
1120	1258	1.000000 
1259	1258	1.000000 
1459	1258	1.000000 
842	1259	1.000000 
54	1260	1.000000 
451	1260	1.000000 
474	1260	1.000000 
44	1261	1.000000 
708	1261	1.000000 
556	1262	1.000000 
1089	1262	1.000000 
1269	1263	1.000000 
517	1264	1.000000 
760	1264	1.000000 
1308	1264	1.000000 
121	1265	1.000000 
286	1265	1.000000 
1176	1266	1.000000 
1297	1266	1.000000 
1492	1266	1.000000 
1138	1267	1.000000 
141	1268	1.000000 
370	1268	1.000000 
1007	1268	1.000000 
1098	1269	1.000000 
1527	1269	1.000000 
66	1270	1.000000 
127	1270	1.000000 
348	1270	1.000000 
51	1271	1.000000 
122	1271	1.000000 
741	1271	1.000000 
1408	1272	1.000000 
78	1273	1.000000 
497	1273	1.000000 
1449	1273	1.000000 
311	1274	1.000000 
594	1274	1.000000 
1031	1274	1.000000 
875	1275	1.000000 
890	1275	1.000000 
1290	1275	1.000000 
559	1276	1.000000 
613	1276	1.000000 
121	1277	1.000000 
447	1277	1.000000 
555	1277	1.000000 
1467	1278	1.000000 
170	1279	1.000000 
514	1279	1.000000 
880	1279	1.000000 
699	1280	1.000000 
823	1280	1.000000 
58	1281	1.000000 
249	1281	1.000000 
133	1282	1.000000 
516	1282	1.000000 
1213	1282	1.000000 
281	1283	1.000000 
323	1283	1.000000 
393	1283	1.000000 
1151	1284	1.000000 
1350	1284	1.000000 
761	1285	1.000000 
1260	1285	1.000000 
1442	1285	1.000000 
1380	1286	1.000000 
528	1287	1.000000 
599	1287	1.000000 
1514	1287	1.000000 
244	1288	1.000000 
822	1288	1.000000 
266	1289	1.000000 
1186	1289	1.000000 
461	1290	1.000000 
812	1290	1.000000 
519	1291	1.000000 
790	1291	1.000000 
928	1291	1.000000 
392	1292	1.000000 
500	1292	1.000000 
85	1293	1.000000 
562	1293	1.000000 
1226	1293	1.000000 
364	1294	1.000000 
585	1294	1.000000 
648	1294	1.000000 
1264	1295	1.000000 
1395	1295	1.000000 
460	1296	1.000000 
676	1296	1.000000 
1145	1296	1.000000 
564	1297	1.000000 
709	1297	1.000000 
762	1297	1.000000 
76	1298	1.000000 
292	1298	1.000000 
321	1298	1.000000 
134	1299	1.000000 
1391	1300	1.000000 
1108	1301	1.000000 
1372	1301	1.000000 
1485	1301	1.000000 
91	1302	1.000000 
26	1303	1.000000 
246	1303	1.000000 
676	1303	1.000000 
4	1304	1.000000 
1491	1304	1.000000 
1494	1304	1.000000 
691	1305	1.000000 
671	1306	1.000000 
829	1306	1.000000 
1034	1306	1.000000 
583	1307	1.000000 
1489	1307	1.000000 
287	1308	1.000000 
1135	1308	1.000000 
1187	1308	1.000000 
1345	1309	1.000000 
1078	1310	1.000000 
1319	1310	1.000000 
1388	1310	1.000000 
426	1311	1.000000 
838	1311	1.000000 
1441	1311	1.000000 
322	1312	1.000000 
1103	1312	1.000000 
1517	1312	1.000000 
969	1313	1.000000 
981	1313	1.000000 
1316	1313	1.000000 
839	1314	1.000000 
1497	1314	1.000000 
1503	1314	1.000000 
180	1315	1.000000 
460	1316	1.000000 
513	1316	1.000000 
564	1316	1.000000 
1523	1317	1.000000 
405	1318	1.000000 
757	1318	1.000000 
1057	1318	1.000000 
585	1319	1.000000 
890	1319	1.000000 
1516	1319	1.000000 
947	1320	1.000000 
1023	1320	1.000000 
108	1321	1.000000 
887	1321	1.000000 
1196	1321	1.000000 
1104	1322	1.000000 
1251	1322	1.000000 
470	1323	1.000000 
798	1323	1.000000 
1164	1323	1.000000 
1430	1324	1.000000 
301	1325	1.000000 
557	1326	1.000000 
800	1326	1.000000 
308	1327	1.000000 
392	1328	1.000000 
883	1328	1.000000 
1230	1328	1.000000 
347	1329	1.000000 
1343	1330	1.000000 
311	1331	1.000000 
332	1331	1.000000 
804	1331	1.000000 
350	1332	1.000000 
1322	1333	1.000000 
1386	1333	1.000000 
1481	1333	1.000000 
844	1334	1.000000 
1410	1334	1.000000 
1522	1334	1.000000 
1182	1335	1.000000 
61	1336	1.000000 
513	1336	1.000000 
701	1336	1.000000 
499	1337	1.000000 
786	1337	1.000000 
1413	1337	1.000000 
443	1338	1.000000 
625	1339	1.000000 
1318	1339	1.000000 
226	1340	1.000000 
1227	1340	1.000000 
1386	1340	1.000000 
113	1341	1.000000 
637	1341	1.000000 
762	1341	1.000000 
846	1342	1.000000 
982	1342	1.000000 
1441	1342	1.000000 
822	1343	1.000000 
1133	1343	1.000000 
1396	1343	1.000000 
348	1344	1.000000 
897	1344	1.000000 
1291	1344	1.000000 
218	1345	1.000000 
757	1345	1.000000 
225	1346	1.000000 
377	1346	1.000000 
567	1346	1.000000 
379	1347	1.000000 
568	1347	1.000000 
577	1347	1.000000 
583	1348	1.000000 
790	1348	1.000000 
1531	1348	1.000000 
925	1349	1.000000 
1145	1349	1.000000 
1209	1349	1.000000 
593	1350	1.000000 
1351	1350	1.000000 
1362	1350	1.000000 
907	1351	1.000000 
775	1352	1.000000 
990	1352	1.000000 
1089	1352	1.000000 
737	1353	1.000000 
83	1354	1.000000 
1514	1354	1.000000 
158	1355	1.000000 
593	1355	1.000000 
1404	1355	1.000000 
697	1356	1.000000 
888	1356	1.000000 
1171	1356	1.000000 
925	1357	1.000000 
1333	1357	1.000000 
1436	1357	1.000000 
550	1358	1.000000 
212	1359	1.000000 
702	1360	1.000000 
1334	1360	1.000000 
1341	1360	1.000000 
760	1361	1.000000 
998	1361	1.000000 
361	1362	1.000000 
1103	1362	1.000000 
494	1363	1.000000 
498	1363	1.000000 
1365	1363	1.000000 
80	1364	1.000000 
895	1364	1.000000 
370	1365	1.000000 
821	1365	1.000000 
5	1366	1.000000 
1235	1366	1.000000 
1248	1366	1.000000 
259	1367	1.000000 
1065	1367	1.000000 
70	1368	1.000000 
660	1368	1.000000 
843	1368	1.000000 
386	1369	1.000000 
1067	1369	1.000000 
1240	1369	1.000000 
313	1370	1.000000 
888	1370	1.000000 
621	1371	1.000000 
1056	1371	1.000000 
1451	1371	1.000000 
582	1372	1.000000 
669	1372	1.000000 
890	1372	1.000000 
325	1373	1.000000 
455	1373	1.000000 
1088	1373	1.000000 
510	1374	1.000000 
861	1374	1.000000 
339	1375	1.000000 
396	1375	1.000000 
1385	1375	1.000000 
538	1376	1.000000 
1312	1377	1.000000 
1271	1378	1.000000 
1428	1378	1.000000 
200	1379	1.000000 
1298	1379	1.000000 
682	1380	1.000000 
766	1380	1.000000 
1214	1380	1.000000 
23	1381	1.000000 
415	1382	1.000000 
512	1382	1.000000 
1469	1382	1.000000 
514	1383	1.000000 
829	1383	1.000000 
1294	1383	1.000000 
1099	1384	1.000000 
95	1385	1.000000 
830	1385	1.000000 
1207	1385	1.000000 
484	1386	1.000000 
534	1386	1.000000 
593	1386	1.000000 
546	1387	1.000000 
1266	1388	1.000000 
135	1389	1.000000 
178	1389	1.000000 
620	1389	1.000000 
739	1390	1.000000 
1351	1390	1.000000 
262	1391	1.000000 
847	1391	1.000000 
969	1391	1.000000 
77	1392	1.000000 
768	1392	1.000000 
1191	1393	1.000000 
66	1394	1.000000 
369	1394	1.000000 
614	1394	1.000000 
92	1395	1.000000 
787	1396	1.000000 
1201	1396	1.000000 
1309	1396	1.000000 
128	1397	1.000000 
688	1397	1.000000 
761	1397	1.000000 
36	1398	1.000000 
938	1398	1.000000 
1274	1398	1.000000 
578	1399	1.000000 
833	1399	1.000000 
1371	1399	1.000000 
961	1400	1.000000 
1070	1400	1.000000 
1163	1401	1.000000 
145	1402	1.000000 
1522	1402	1.000000 
428	1403	1.000000 
942	1403	1.000000 
1364	1403	1.000000 
262	1404	1.000000 
1013	1404	1.000000 
436	1405	1.000000 
1067	1405	1.000000 
228	1406	1.000000 
677	1406	1.000000 
299	1407	1.000000 
1237	1407	1.000000 
1459	1407	1.000000 
883	1408	1.000000 
1205	1408	1.000000 
284	1409	1.000000 
103	1410	1.000000 
492	1410	1.000000 
1071	1411	1.000000 
596	1412	1.000000 
1187	1412	1.000000 
1058	1413	1.000000 
214	1414	1.000000 
834	1414	1.000000 
886	1414	1.000000 
1254	1415	1.000000 
31	1416	1.000000 
941	1417	1.000000 
825	1418	1.000000 
918	1418	1.000000 
1120	1418	1.000000 
267	1419	1.000000 
684	1419	1.000000 
1341	1419	1.000000 
333	1420	1.000000 
492	1420	1.000000 
656	1420	1.000000 
2	1421	1.000000 
1114	1421	1.000000 
1294	1421	1.000000 
312	1422	1.000000 
795	1422	1.000000 
148	1423	1.000000 
1256	1423	1.000000 
1387	1423	1.000000 
54	1424	1.000000 
1288	1424	1.000000 
1469	1424	1.000000 
332	1425	1.000000 
1145	1425	1.000000 
320	1426	1.000000 
490	1427	1.000000 
587	1428	1.000000 
769	1428	1.000000 
1221	1428	1.000000 
411	1429	1.000000 
446	1429	1.000000 
1223	1429	1.000000 
295	1430	1.000000 
360	1430	1.000000 
54	1431	1.000000 
983	1431	1.000000 
86	1432	1.000000 
117	1432	1.000000 
1490	1432	1.000000 
340	1433	1.000000 
915	1433	1.000000 
674	1434	1.000000 
841	1434	1.000000 
188	1435	1.000000 
196	1436	1.000000 
1066	1436	1.000000 
1080	1436	1.000000 
46	1437	1.000000 
64	1437	1.000000 
118	1437	1.000000 
1337	1438	1.000000 
814	1439	1.000000 
39	1440	1.000000 
1525	1440	1.000000 
1527	1440	1.000000 
411	1441	1.000000 
1268	1441	1.000000 
1428	1441	1.000000 
748	1442	1.000000 
761	1442	1.000000 
1094	1442	1.000000 
22	1443	1.000000 
189	1443	1.000000 
1311	1443	1.000000 
223	1444	1.000000 
307	1444	1.000000 
449	1444	1.000000 
322	1445	1.000000 
1206	1445	1.000000 
1494	1445	1.000000 
109	1446	1.000000 
1316	1446	1.000000 
483	1447	1.000000 
586	1447	1.000000 
750	1447	1.000000 
275	1448	1.000000 
577	1448	1.000000 
1151	1448	1.000000 
560	1449	1.000000 
1317	1450	1.000000 
1372	1450	1.000000 
1435	1450	1.000000 
43	1451	1.000000 
325	1451	1.000000 
1255	1451	1.000000 
45	1452	1.000000 
1274	1452	1.000000 
352	1453	1.000000 
440	1453	1.000000 
272	1454	1.000000 
510	1454	1.000000 
1171	1454	1.000000 
852	1455	1.000000 
225	1456	1.000000 
295	1456	1.000000 
549	1456	1.000000 
557	1457	1.000000 
722	1457	1.000000 
905	1457	1.000000 
394	1458	1.000000 
895	1458	1.000000 
1476	1458	1.000000 
213	1459	1.000000 
887	1459	1.000000 
1042	1459	1.000000 
592	1460	1.000000 
1229	1461	1.000000 
548	1462	1.000000 
663	1463	1.000000 
982	1463	1.000000 
1348	1464	1.000000 
396	1465	1.000000 
1300	1465	1.000000 
129	1466	1.000000 
1210	1466	1.000000 
996	1467	1.000000 
537	1468	1.000000 
1220	1468	1.000000 
286	1469	1.000000 
650	1469	1.000000 
696	1469	1.000000 
75	1470	1.000000 
1202	1471	1.000000 
376	1472	1.000000 
483	1472	1.000000 
540	1472	1.000000 
962	1473	1.000000 
676	1474	1.000000 
724	1474	1.000000 
1217	1474	1.000000 
604	1475	1.000000 
686	1476	1.000000 
314	1477	1.000000 
333	1478	1.000000 
944	1478	1.000000 
1433	1478	1.000000 
327	1479	1.000000 
929	1479	1.000000 
1287	1479	1.000000 
243	1480	1.000000 
628	1480	1.000000 
1485	1480	1.000000 
85	1481	1.000000 
358	1481	1.000000 
156	1482	1.000000 
1268	1482	1.000000 
57	1483	1.000000 
664	1483	1.000000 
1396	1483	1.000000 
630	1484	1.000000 
605	1485	1.000000 
910	1485	1.000000 
1251	1485	1.000000 
385	1486	1.000000 
800	1486	1.000000 
1349	1486	1.000000 
208	1487	1.000000 
888	1487	1.000000 
1453	1487	1.000000 
177	1488	1.000000 
238	1488	1.000000 
487	1488	1.000000 
1363	1489	1.000000 
1525	1489	1.000000 
728	1490	1.000000 
968	1490	1.000000 
1349	1490	1.000000 
1520	1491	1.000000 
336	1492	1.000000 
530	1492	1.000000 
1230	1492	1.000000 
1022	1493	1.000000 
1218	1493	1.000000 
620	1494	1.000000 
708	1494	1.000000 
1383	1494	1.000000 
1419	1495	1.000000 
65	1496	1.000000 
1267	1496	1.000000 
216	1497	1.000000 
785	1497	1.000000 
1437	1497	1.000000 
8	1498	1.000000 
650	1498	1.000000 
1089	1498	1.000000 
938	1499	1.000000 
1212	1499	1.000000 
580	1500	1.000000 
420	1501	1.000000 
517	1501	1.000000 
3	1502	1.000000 
28	1502	1.000000 
1063	1502	1.000000 
951	1503	1.000000 
1036	1503	1.000000 
1157	1503	1.000000 
46	1504	1.000000 
1328	1504	1.000000 
220	1505	1.000000 
644	1505	1.000000 
735	1505	1.000000 
977	1506	1.000000 
447	1507	1.000000 
1039	1507	1.000000 
1310	1507	1.000000 
1105	1508	1.000000 
5	1509	1.000000 
749	1509	1.000000 
1279	1509	1.000000 
522	1510	1.000000 
848	1510	1.000000 
1288	1510	1.000000 
599	1511	1.000000 
991	1511	1.000000 
240	1512	1.000000 
1311	1512	1.000000 
1412	1512	1.000000 
280	1513	1.000000 
822	1513	1.000000 
1022	1513	1.000000 
802	1514	1.000000 
885	1514	1.000000 
1287	1514	1.000000 
479	1515	1.000000 
1324	1515	1.000000 
400	1516	1.000000 
817	1516	1.000000 
1212	1516	1.000000 
587	1517	1.000000 
1496	1517	1.000000 
938	1518	1.000000 
1207	1518	1.000000 
1369	1518	1.000000 
846	1519	1.000000 
1291	1519	1.000000 
910	1520	1.000000 
939	1520	1.000000 
1171	1520	1.000000 
713	1521	1.000000 
671	1522	1.000000 
844	1522	1.000000 
563	1523	1.000000 
1015	1523	1.000000 
251	1524	1.000000 
517	1524	1.000000 
776	1524	1.000000 
744	1525	1.000000 
82	1526	1.000000 
595	1526	1.000000 
818	1526	1.000000 
44	1527	1.000000 
655	1527	1.000000 
944	1527	1.000000 
288	1528	1.000000 
332	1528	1.000000 
955	1528	1.000000 
1243	1529	1.000000 
869	1530	1.000000 
1201	1530	1.000000 
1412	1530	1.000000 
202	1531	1.000000 
877	1531	1.000000 
540	1532	1.000000 
1441	1532	1.000000 
223	1533	1.000000 
418	1533	1.000000 
1264	1533	1.000000 
940	1534	1.000000 
1532	1534	1.000000 
477	1535	1.000000 
685	1536	1.000000 
1053	1536	1.000000 
1365	1536	1.000000 
803	1537	1.000000 
208	1538	1.000000 
504	1538	1.000000 
1407	1538	1.000000 
191	1539	1.000000 
863	1539	1.000000 
1245	1539	1.000000 
1027	1540	1.000000 
250	1541	1.000000 
400	1541	1.000000 
424	1541	1.000000 
387	1542	1.000000 
418	1542	1.000000 
887	1542	1.000000 
368	1543	1.000000 
817	1544	1.000000 
1070	1544	1.000000 
1524	1544	1.000000 
412	1545	1.000000 
1274	1545	1.000000 
1503	1545	1.000000 
367	1546	1.000000 
462	1546	1.000000 
998	1546	1.000000 
793	1547	1.000000 
872	1547	1.000000 
1468	1547	1.000000 
259	1548	1.000000 
658	1548	1.000000 
1536	1548	1.000000 
655	1549	1.000000 
1261	1549	1.000000 
1507	1549	1.000000 
204	1550	1.000000 
360	1550	1.000000 
653	1550	1.000000 
8	1551	1.000000 
322	1551	1.000000 
1474	1552	1.000000 
109	1553	1.000000 
1369	1553	1.000000 
1379	1553	1.000000 
531	1554	1.000000 
846	1554	1.000000 
933	1554	1.000000 
694	1555	1.000000 
871	1555	1.000000 
505	1556	1.000000 
695	1556	1.000000 
1515	1556	1.000000 
639	1557	1.000000 
665	1558	1.000000 
763	1558	1.000000 
952	1558	1.000000 
525	1559	1.000000 
957	1559	1.000000 
440	1560	1.000000 
525	1560	1.000000 
1465	1560	1.000000 
456	1561	1.000000 
1073	1561	1.000000 
1226	1561	1.000000 
661	1562	1.000000 
1275	1562	1.000000 
189	1563	1.000000 
299	1563	1.000000 
1016	1564	1.000000 
1480	1564	1.000000 
1061	1565	1.000000 
367	1566	1.000000 
1083	1566	1.000000 
896	1567	1.000000 
1255	1567	1.000000 
483	1568	1.000000 
1415	1568	1.000000 
3	1569	1.000000 
616	1569	1.000000 
816	1570	1.000000 
1164	1570	1.000000 
1242	1570	1.000000 
1354	1571	1.000000 
54	1572	1.000000 
209	1572	1.000000 
379	1572	1.000000 
168	1573	1.000000 
298	1573	1.000000 
800	1574	1.000000 
870	1574	1.000000 
1125	1574	1.000000 
209	1575	1.000000 
1062	1575	1.000000 
1226	1575	1.000000 
294	1576	1.000000 
1029	1576	1.000000 
420	1577	1.000000 
449	1577	1.000000 
689	1577	1.000000 
1213	1578	1.000000 
1301	1578	1.000000 
1392	1578	1.000000 
489	1579	1.000000 
549	1579	1.000000 
1413	1579	1.000000 
521	1580	1.000000 
1313	1580	1.000000 
543	1581	1.000000 
698	1581	1.000000 
1329	1581	1.000000 
995	1582	1.000000 
607	1583	1.000000 
1319	1583	1.000000 
219	1584	1.000000 
398	1584	1.000000 
733	1584	1.000000 
578	1585	1.000000 
1492	1585	1.000000 
710	1586	1.000000 
834	1586	1.000000 
1012	1586	1.000000 
460	1587	1.000000 
801	1587	1.000000 
1280	1587	1.000000 
11	1588	1.000000 
112	1589	1.000000 
458	1589	1.000000 
741	1589	1.000000 
285	1590	1.000000 
854	1590	1.000000 
166	1591	1.000000 
369	1591	1.000000 
1292	1591	1.000000 
45	1592	1.000000 
409	1592	1.000000 
826	1592	1.000000 
326	1593	1.000000 
818	1593	1.000000 
343	1594	1.000000 
718	1594	1.000000 
410	1595	1.000000 
469	1595	1.000000 
695	1595	1.000000 
634	1596	1.000000 
872	1596	1.000000 
1152	1596	1.000000 
280	1597	1.000000 
1366	1597	1.000000 
1501	1597	1.000000 
232	1598	1.000000 
942	1598	1.000000 
1219	1599	1.000000 
1007	1600	1.000000 
1120	1600	1.000000 
234	1601	1.000000 
620	1601	1.000000 
1477	1601	1.000000 
788	1602	1.000000 
1277	1602	1.000000 
1280	1602	1.000000 
729	1603	1.000000 
1121	1603	1.000000 
1519	1603	1.000000 
415	1604	1.000000 
688	1604	1.000000 
1439	1605	1.000000 
116	1606	1.000000 
1035	1607	1.000000 
616	1608	1.000000 
886	1608	1.000000 
1018	1608	1.000000 
575	1609	1.000000 
1379	1609	1.000000 
1499	1609	1.000000 
1006	1610	1.000000 
539	1611	1.000000 
1425	1611	1.000000 
675	1612	1.000000 
1245	1612	1.000000 
1504	1612	1.000000 
270	1613	1.000000 
365	1613	1.000000 
1361	1613	1.000000 
277	1614	1.000000 
1140	1614	1.000000 
1167	1614	1.000000 
1500	1615	1.000000 
13	1616	1.000000 
679	1616	1.000000 
883	1616	1.000000 
329	1617	1.000000 
1209	1617	1.000000 
832	1618	1.000000 
920	1618	1.000000 
150	1619	1.000000 
354	1619	1.000000 
743	1619	1.000000 
801	1620	1.000000 
1453	1620	1.000000 
25	1621	1.000000 
409	1622	1.000000 
1468	1622	1.000000 
1536	1622	1.000000 
357	1623	1.000000 
343	1624	1.000000 
447	1624	1.000000 
1302	1624	1.000000 
464	1625	1.000000 
615	1625	1.000000 
30	1626	1.000000 
969	1626	1.000000 
1176	1626	1.000000 
578	1627	1.000000 
1038	1627	1.000000 
1128	1627	1.000000 
115	1628	1.000000 
128	1628	1.000000 
1498	1628	1.000000 
573	1629	1.000000 
1480	1629	1.000000 
1496	1629	1.000000 
1040	1630	1.000000 
1086	1630	1.000000 
329	1631	1.000000 
1160	1631	1.000000 
1524	1631	1.000000 
530	1632	1.000000 
958	1632	1.000000 
1184	1632	1.000000 
330	1633	1.000000 
802	1633	1.000000 
1388	1633	1.000000 
84	1634	1.000000 
113	1635	1.000000 
682	1635	1.000000 
763	1635	1.000000 
359	1636	1.000000 
943	1636	1.000000 
982	1636	1.000000 
384	1637	1.000000 
776	1637	1.000000 
1449	1637	1.000000 
1261	1638	1.000000 
1436	1638	1.000000 
489	1639	1.000000 
1184	1639	1.000000 
1228	1639	1.000000 
38	1640	1.000000 
597	1641	1.000000 
1497	1641	1.000000 
583	1642	1.000000 
923	1642	1.000000 
1433	1642	1.000000 
783	1643	1.000000 
1383	1643	1.000000 
1190	1644	1.000000 
353	1645	1.000000 
1253	1646	1.000000 
446	1647	1.000000 
1193	1647	1.000000 
1376	1648	1.000000 
692	1649	1.000000 
1216	1649	1.000000 
603	1650	1.000000 
219	1651	1.000000 
880	1651	1.000000 
235	1652	1.000000 
1387	1652	1.000000 
20	1653	1.000000 
200	1653	1.000000 
1125	1653	1.000000 
726	1654	1.000000 
1255	1654	1.000000 
1295	1654	1.000000 
126	1655	1.000000 
690	1655	1.000000 
1395	1655	1.000000 
1197	1656	1.000000 
225	1657	1.000000 
319	1657	1.000000 
554	1657	1.000000 
233	1658	1.000000 
1326	1658	1.000000 
1517	1658	1.000000 
766	1659	1.000000 
847	1659	1.000000 
1251	1659	1.000000 
382	1660	1.000000 
478	1660	1.000000 
1228	1660	1.000000 
271	1661	1.000000 
1427	1661	1.000000 
185	1662	1.000000 
999	1662	1.000000 
1002	1662	1.000000 
715	1663	1.000000 
622	1664	1.000000 
641	1665	1.000000 
690	1665	1.000000 
1209	1665	1.000000 
43	1666	1.000000 
285	1666	1.000000 
542	1666	1.000000 
1222	1667	1.000000 
1469	1667	1.000000 
627	1668	1.000000 
673	1668	1.000000 
818	1668	1.000000 
335	1669	1.000000 
677	1669	1.000000 
1005	1669	1.000000 
27	1670	1.000000 
62	1670	1.000000 
515	1670	1.000000 
600	1671	1.000000 
728	1671	1.000000 
900	1671	1.000000 
1299	1672	1.000000 
831	1673	1.000000 
1517	1673	1.000000 
586	1674	1.000000 
906	1674	1.000000 
1451	1674	1.000000 
118	1675	1.000000 
1008	1675	1.000000 
1272	1675	1.000000 
77	1676	1.000000 
387	1676	1.000000 
872	1676	1.000000 
553	1677	1.000000 
655	1677	1.000000 
837	1677	1.000000 
780	1678	1.000000 
151	1679	1.000000 
869	1679	1.000000 
1480	1679	1.000000 
608	1680	1.000000 
1049	1680	1.000000 
1395	1680	1.000000 
141	1681	1.000000 
793	1681	1.000000 
1440	1682	1.000000 
436	1683	1.000000 
478	1683	1.000000 
885	1683	1.000000 
1	1684	1.000000 
88	1684	1.000000 
811	1684	1.000000 
277	1685	1.000000 
676	1685	1.000000 
779	1685	1.000000 
536	1686	1.000000 
646	1686	1.000000 
1080	1686	1.000000 
122	1687	1.000000 
428	1687	1.000000 
18	1688	1.000000 
868	1688	1.000000 
1471	1688	1.000000 
1144	1689	1.000000 
272	1690	1.000000 
525	1690	1.000000 
1300	1690	1.000000 
229	1691	1.000000 
1443	1691	1.000000 
1101	1692	1.000000 
32	1693	1.000000 
836	1693	1.000000 
1355	1693	1.000000 
594	1694	1.000000 
1063	1694	1.000000 
632	1695	1.000000 
1311	1695	1.000000 
763	1696	1.000000 
1122	1696	1.000000 
1532	1696	1.000000 
462	1697	1.000000 
498	1697	1.000000 
451	1698	1.000000 
897	1698	1.000000 
920	1698	1.000000 
1074	1699	1.000000 
1215	1699	1.000000 
243	1700	1.000000 
307	1700	1.000000 
370	1700	1.000000 
802	1701	1.000000 
895	1701	1.000000 
1298	1701	1.000000 
1286	1702	1.000000 
1473	1702	1.000000 
13	1703	1.000000 
132	1703	1.000000 
536	1703	1.000000 
20	1704	1.000000 
976	1704	1.000000 
1235	1704	1.000000 
196	1705	1.000000 
300	1705	1.000000 
1160	1705	1.000000 
1069	1706	1.000000 
673	1707	1.000000 
881	1707	1.000000 
752	1708	1.000000 
1186	1708	1.000000 
1435	1708	1.000000 
961	1709	1.000000 
1014	1709	1.000000 
1091	1709	1.000000 
364	1710	1.000000 
501	1710	1.000000 
1286	1710	1.000000 
313	1711	1.000000 
1329	1711	1.000000 
1496	1711	1.000000 
1052	1712	1.000000 
1248	1712	1.000000 
1106	1713	1.000000 
278	1714	1.000000 
452	1714	1.000000 
600	1715	1.000000 
1370	1715	1.000000 
510	1716	1.000000 
710	1716	1.000000 
1021	1716	1.000000 
76	1717	1.000000 
122	1717	1.000000 
202	1717	1.000000 
80	1718	1.000000 
694	1718	1.000000 
1014	1718	1.000000 
600	1719	1.000000 
1499	1719	1.000000 
1524	1719	1.000000 
66	1720	1.000000 
119	1720	1.000000 
187	1721	1.000000 
924	1721	1.000000 
1281	1721	1.000000 
1314	1722	1.000000 
488	1723	1.000000 
438	1724	1.000000 
1161	1724	1.000000 
1126	1725	1.000000 
57	1726	1.000000 
144	1726	1.000000 
1134	1726	1.000000 
377	1727	1.000000 
390	1727	1.000000 
1121	1727	1.000000 
40	1728	1.000000 
1413	1728	1.000000 
515	1729	1.000000 
1357	1729	1.000000 
69	1730	1.000000 
899	1730	1.000000 
1174	1730	1.000000 
568	1731	1.000000 
581	1731	1.000000 
1201	1731	1.000000 
428	1732	1.000000 
1313	1732	1.000000 
1441	1732	1.000000 
237	1733	1.000000 
818	1733	1.000000 
953	1733	1.000000 
1009	1734	1.000000 
1153	1735	1.000000 
558	1736	1.000000 
792	1736	1.000000 
1406	1736	1.000000 
211	1737	1.000000 
857	1737	1.000000 
1371	1737	1.000000 
186	1738	1.000000 
1423	1739	1.000000 
340	1740	1.000000 
542	1740	1.000000 
1438	1740	1.000000 
391	1741	1.000000 
478	1741	1.000000 
519	1742	1.000000 
1379	1742	1.000000 
537	1743	1.000000 
904	1743	1.000000 
1268	1743	1.000000 
1224	1744	1.000000 
1367	1745	1.000000 
922	1746	1.000000 
766	1747	1.000000 
1395	1747	1.000000 
1528	1747	1.000000 
281	1748	1.000000 
400	1748	1.000000 
1326	1748	1.000000 
720	1749	1.000000 
851	1750	1.000000 
13	1751	1.000000 
523	1751	1.000000 
690	1751	1.000000 
362	1752	1.000000 
235	1753	1.000000 
599	1753	1.000000 
752	1753	1.000000 
283	1754	1.000000 
591	1754	1.000000 
964	1755	1.000000 
76	1756	1.000000 
230	1756	1.000000 
1198	1756	1.000000 
843	1757	1.000000 
1245	1757	1.000000 
1366	1757	1.000000 
217	1758	1.000000 
352	1758	1.000000 
1356	1758	1.000000 
471	1759	1.000000 
761	1759	1.000000 
1150	1759	1.000000 
459	1760	1.000000 
1358	1761	1.000000 
1456	1761	1.000000 
271	1762	1.000000 
1193	1762	1.000000 
1466	1762	1.000000 
15	1763	1.000000 
205	1763	1.000000 
223	1763	1.000000 
1205	1764	1.000000 
1328	1764	1.000000 
1519	1764	1.000000 
457	1765	1.000000 
1414	1766	1.000000 
181	1767	1.000000 
277	1767	1.000000 
602	1767	1.000000 
72	1768	1.000000 
534	1768	1.000000 
1281	1768	1.000000 
205	1769	1.000000 
871	1769	1.000000 
924	1769	1.000000 
1306	1770	1.000000 
746	1771	1.000000 
208	1772	1.000000 
695	1772	1.000000 
1087	1772	1.000000 
697	1773	1.000000 
1321	1773	1.000000 
1330	1773	1.000000 
55	1774	1.000000 
728	1774	1.000000 
1504	1774	1.000000 
103	1775	1.000000 
312	1775	1.000000 
899	1775	1.000000 
142	1776	1.000000 
156	1776	1.000000 
1063	1776	1.000000 
386	1777	1.000000 
439	1777	1.000000 
1328	1777	1.000000 
98	1778	1.000000 
1031	1779	1.000000 
1215	1779	1.000000 
1481	1779	1.000000 
645	1780	1.000000 
967	1781	1.000000 
20	1782	1.000000 
283	1782	1.000000 
367	1782	1.000000 
874	1783	1.000000 
141	1784	1.000000 
709	1784	1.000000 
1260	1784	1.000000 
859	1785	1.000000 
1104	1785	1.000000 
1109	1785	1.000000 
80	1786	1.000000 
493	1786	1.000000 
1503	1786	1.000000 
583	1787	1.000000 
1118	1787	1.000000 
1198	1787	1.000000 
666	1788	1.000000 
787	1788	1.000000 
1174	1788	1.000000 
20	1789	1.000000 
1381	1789	1.000000 
213	1790	1.000000 
811	1790	1.000000 
1136	1790	1.000000 
949	1791	1.000000 
682	1792	1.000000 
1255	1792	1.000000 
1526	1792	1.000000 
790	1793	1.000000 
1143	1793	1.000000 
1392	1793	1.000000 
505	1794	1.000000 
563	1794	1.000000 
1357	1794	1.000000 
710	1795	1.000000 
998	1795	1.000000 
1016	1795	1.000000 
918	1796	1.000000 
1095	1796	1.000000 
1220	1796	1.000000 
1160	1797	1.000000 
1530	1797	1.000000 
62	1798	1.000000 
162	1798	1.000000 
433	1799	1.000000 
499	1799	1.000000 
1515	1799	1.000000 
830	1800	1.000000 
935	1800	1.000000 
1017	1800	1.000000 
196	1801	1.000000 
558	1801	1.000000 
748	1801	1.000000 
341	1802	1.000000 
905	1802	1.000000 
1161	1802	1.000000 
269	1803	1.000000 
766	1803	1.000000 
1449	1803	1.000000 
121	1804	1.000000 
894	1804	1.000000 
983	1804	1.000000 
417	1805	1.000000 
769	1805	1.000000 
1139	1805	1.000000 
1076	1806	1.000000 
355	1807	1.000000 
542	1807	1.000000 
1263	1807	1.000000 
668	1808	1.000000 
669	1808	1.000000 
403	1809	1.000000 
957	1809	1.000000 
1443	1809	1.000000 
1048	1810	1.000000 
256	1811	1.000000 
1404	1811	1.000000 
74	1812	1.000000 
249	1812	1.000000 
696	1812	1.000000 
140	1813	1.000000 
143	1813	1.000000 
1485	1813	1.000000 
699	1814	1.000000 
947	1814	1.000000 
1513	1814	1.000000 
535	1815	1.000000 
256	1816	1.000000 
674	1816	1.000000 
758	1816	1.000000 
442	1817	1.000000 
553	1818	1.000000 
706	1818	1.000000 
727	1818	1.000000 
480	1819	1.000000 
608	1819	1.000000 
610	1820	1.000000 
678	1821	1.000000 
889	1821	1.000000 
1215	1821	1.000000 
824	1822	1.000000 
672	1823	1.000000 
879	1823	1.000000 
363	1824	1.000000 
1176	1824	1.000000 
275	1825	1.000000 
1235	1825	1.000000 
1535	1826	1.000000 
1246	1827	1.000000 
326	1828	1.000000 
402	1828	1.000000 
924	1828	1.000000 
714	1829	1.000000 
348	1830	1.000000 
1252	1830	1.000000 
36	1831	1.000000 
653	1831	1.000000 
1028	1831	1.000000 
1175	1832	1.000000 
307	1833	1.000000 
792	1833	1.000000 
1434	1834	1.000000 
79	1835	1.000000 
1031	1835	1.000000 
146	1836	1.000000 
712	1836	1.000000 
950	1836	1.000000 
1231	1837	1.000000 
194	1838	1.000000 
871	1838	1.000000 
1273	1838	1.000000 
280	1839	1.000000 
666	1839	1.000000 
131	1840	1.000000 
633	1840	1.000000 
823	1840	1.000000 
705	1841	1.000000 
372	1842	1.000000 
976	1842	1.000000 
1507	1842	1.000000 
939	1843	1.000000 
1056	1843	1.000000 
1172	1843	1.000000 
333	1844	1.000000 
796	1844	1.000000 
879	1844	1.000000 
344	1845	1.000000 
1041	1845	1.000000 
1493	1845	1.000000 
414	1846	1.000000 
1134	1846	1.000000 
1424	1846	1.000000 
392	1847	1.000000 
416	1847	1.000000 
1028	1847	1.000000 
196	1848	1.000000 
972	1848	1.000000 
7	1849	1.000000 
339	1850	1.000000 
757	1850	1.000000 
1132	1850	1.000000 
469	1851	1.000000 
627	1851	1.000000 
1213	1851	1.000000 
131	1852	1.000000 
177	1852	1.000000 
554	1853	1.000000 
585	1853	1.000000 
986	1853	1.000000 
380	1854	1.000000 
935	1854	1.000000 
1521	1854	1.000000 
366	1855	1.000000 
493	1855	1.000000 
681	1855	1.000000 
940	1856	1.000000 
1115	1856	1.000000 
1457	1856	1.000000 
176	1857	1.000000 
410	1857	1.000000 
41	1858	1.000000 
684	1858	1.000000 
1393	1858	1.000000 
369	1859	1.000000 
983	1859	1.000000 
1519	1859	1.000000 
1189	1860	1.000000 
177	1861	1.000000 
427	1861	1.000000 
1115	1861	1.000000 
693	1862	1.000000 
873	1862	1.000000 
894	1862	1.000000 
164	1863	1.000000 
1447	1863	1.000000 
36	1864	1.000000 
1185	1864	1.000000 
933	1865	1.000000 
1206	1865	1.000000 
684	1866	1.000000 
1252	1866	1.000000 
1362	1866	1.000000 
1130	1867	1.000000 
946	1868	1.000000 
86	1869	1.000000 
522	1869	1.000000 
993	1869	1.000000 
508	1870	1.000000 
909	1871	1.000000 
951	1871	1.000000 
1216	1871	1.000000 
334	1872	1.000000 
864	1872	1.000000 
1480	1872	1.000000 
599	1873	1.000000 
868	1873	1.000000 
910	1873	1.000000 
174	1874	1.000000 
1476	1874	1.000000 
181	1875	1.000000 
1114	1875	1.000000 
1512	1875	1.000000 
276	1876	1.000000 
1292	1876	1.000000 
104	1877	1.000000 
530	1877	1.000000 
1060	1878	1.000000 
187	1879	1.000000 
1349	1879	1.000000 
534	1880	1.000000 
993	1880	1.000000 
637	1881	1.000000 
1204	1881	1.000000 
248	1882	1.000000 
1506	1883	1.000000 
211	1884	1.000000 
264	1884	1.000000 
1433	1884	1.000000 
736	1885	1.000000 
620	1886	1.000000 
1528	1886	1.000000 
156	1887	1.000000 
1161	1887	1.000000 
1252	1887	1.000000 
590	1888	1.000000 
1118	1888	1.000000 
1273	1889	1.000000 
1452	1889	1.000000 
1	1890	1.000000 
1310	1890	1.000000 
85	1891	1.000000 
663	1891	1.000000 
1417	1891	1.000000 
62	1892	1.000000 
65	1892	1.000000 
739	1892	1.000000 
323	1893	1.000000 
1005	1893	1.000000 
1108	1893	1.000000 
681	1894	1.000000 
1156	1894	1.000000 
1521	1894	1.000000 
189	1895	1.000000 
1002	1895	1.000000 
1449	1895	1.000000 
273	1896	1.000000 
1377	1896	1.000000 
710	1897	1.000000 
1200	1897	1.000000 
260	1898	1.000000 
716	1898	1.000000 
1509	1898	1.000000 
140	1899	1.000000 
1357	1899	1.000000 
1388	1899	1.000000 
147	1900	1.000000 
184	1900	1.000000 
864	1900	1.000000 
1488	1901	1.000000 
232	1902	1.000000 
575	1902	1.000000 
605	1902	1.000000 
1368	1903	1.000000 
1102	1904	1.000000 
607	1905	1.000000 
660	1905	1.000000 
1286	1905	1.000000 
339	1906	1.000000 
1133	1906	1.000000 
97	1907	1.000000 
77	1908	1.000000 
105	1908	1.000000 
632	1908	1.000000 
288	1909	1.000000 
1435	1909	1.000000 
246	1910	1.000000 
791	1910	1.000000 
883	1910	1.000000 
19	1911	1.000000 
141	1911	1.000000 
524	1911	1.000000 
862	1912	1.000000 
589	1913	1.000000 
169	1914	1.000000 
591	1914	1.000000 
1157	1914	1.000000 
35	1915	1.000000 
403	1915	1.000000 
1014	1916	1.000000 
1090	1916	1.000000 
1443	1916	1.000000 
1041	1917	1.000000 
1236	1917	1.000000 
1364	1917	1.000000 
204	1918	1.000000 
361	1918	1.000000 
986	1918	1.000000 
522	1919	1.000000 
1302	1919	1.000000 
452	1920	1.000000 
918	1920	1.000000 
1338	1920	1.000000 
2	1921	1.000000 
938	1921	1.000000 
1173	1921	1.000000 
969	1922	1.000000 
1094	1922	1.000000 
987	1923	1.000000 
1433	1923	1.000000 
176	1924	1.000000 
756	1924	1.000000 
1067	1924	1.000000 
152	1925	1.000000 
1455	1926	1.000000 
400	1927	1.000000 
1350	1927	1.000000 
1384	1927	1.000000 
447	1928	1.000000 
796	1928	1.000000 
1283	1929	1.000000 
1526	1929	1.000000 
828	1930	1.000000 
1151	1930	1.000000 
1263	1930	1.000000 
73	1931	1.000000 
763	1931	1.000000 
381	1932	1.000000 
530	1932	1.000000 
999	1932	1.000000 
342	1933	1.000000 
943	1933	1.000000 
131	1934	1.000000 
287	1934	1.000000 
651	1934	1.000000 
1078	1935	1.000000 
1104	1935	1.000000 
1521	1935	1.000000 
1278	1936	1.000000 
1482	1936	1.000000 
349	1937	1.000000 
236	1938	1.000000 
867	1939	1.000000 
1429	1940	1.000000 
18	1941	1.000000 
232	1941	1.000000 
1015	1941	1.000000 
39	1942	1.000000 
224	1942	1.000000 
1436	1942	1.000000 
656	1943	1.000000 
1075	1943	1.000000 
1366	1943	1.000000 
174	1944	1.000000 
507	1944	1.000000 
865	1944	1.000000 
198	1945	1.000000 
226	1946	1.000000 
521	1946	1.000000 
1136	1946	1.000000 
89	1947	1.000000 
280	1947	1.000000 
643	1947	1.000000 
195	1948	1.000000 
365	1948	1.000000 
833	1949	1.000000 
863	1949	1.000000 
404	1950	1.000000 
253	1951	1.000000 
305	1952	1.000000 
505	1953	1.000000 
601	1953	1.000000 
762	1954	1.000000 
1078	1954	1.000000 
440	1955	1.000000 
609	1955	1.000000 
634	1955	1.000000 
624	1956	1.000000 
875	1956	1.000000 
729	1957	1.000000 
1137	1957	1.000000 
1379	1957	1.000000 
1092	1958	1.000000 
155	1959	1.000000 
351	1959	1.000000 
748	1959	1.000000 
755	1960	1.000000 
823	1960	1.000000 
1271	1960	1.000000 
16	1961	1.000000 
295	1962	1.000000 
298	1962	1.000000 
1200	1962	1.000000 
339	1963	1.000000 
1023	1963	1.000000 
1248	1963	1.000000 
541	1964	1.000000 
1317	1964	1.000000 
1486	1964	1.000000 
304	1965	1.000000 
109	1966	1.000000 
286	1966	1.000000 
1218	1966	1.000000 
256	1967	1.000000 
1405	1967	1.000000 
1437	1967	1.000000 
162	1968	1.000000 
170	1968	1.000000 
343	1968	1.000000 
788	1969	1.000000 
1494	1969	1.000000 
76	1970	1.000000 
841	1970	1.000000 
1097	1970	1.000000 
1064	1971	1.000000 
155	1972	1.000000 
278	1972	1.000000 
816	1972	1.000000 
346	1973	1.000000 
1215	1973	1.000000 
1346	1973	1.000000 
509	1974	1.000000 
832	1975	1.000000 
1152	1975	1.000000 
1157	1975	1.000000 
973	1976	1.000000 
623	1977	1.000000 
367	1978	1.000000 
1039	1978	1.000000 
1049	1978	1.000000 
17	1979	1.000000 
524	1979	1.000000 
899	1979	1.000000 
1421	1980	1.000000 
247	1981	1.000000 
241	1982	1.000000 
424	1982	1.000000 
1098	1982	1.000000 
511	1983	1.000000 
689	1983	1.000000 
947	1983	1.000000 
13	1984	1.000000 
157	1984	1.000000 
1509	1984	1.000000 
649	1985	1.000000 
710	1985	1.000000 
1319	1985	1.000000 
741	1986	1.000000 
783	1986	1.000000 
1356	1986	1.000000 
175	1987	1.000000 
846	1987	1.000000 
1044	1987	1.000000 
566	1988	1.000000 
587	1988	1.000000 
1355	1988	1.000000 
1221	1989	1.000000 
1418	1989	1.000000 
269	1990	1.000000 
774	1990	1.000000 
260	1991	1.000000 
410	1991	1.000000 
1521	1991	1.000000 
671	1992	1.000000 
1370	1992	1.000000 
1476	1992	1.000000 
387	1993	1.000000 
1125	1993	1.000000 
572	1994	1.000000 
374	1995	1.000000 
748	1996	1.000000 
903	1996	1.000000 
1033	1996	1.000000 
654	1997	1.000000 
325	1998	1.000000 
489	1998	1.000000 
1473	1998	1.000000 
1238	1999	1.000000 
35	2000	1.000000 
591	2000	1.000000 
1041	2000	1.000000 
268	2001	1.000000 
463	2002	1.000000 
773	2003	1.000000 
340	2004	1.000000 
346	2004	1.000000 
900	2004	1.000000 
561	2005	1.000000 
1372	2005	1.000000 
318	2006	1.000000 
673	2006	1.000000 
990	2006	1.000000 
406	2007	1.000000 
427	2008	1.000000 
484	2008	1.000000 
1147	2009	1.000000 
749	2010	1.000000 
1011	2010	1.000000 
1146	2010	1.000000 
144	2011	1.000000 
274	2011	1.000000 
769	2011	1.000000 
163	2012	1.000000 
790	2012	1.000000 
914	2012	1.000000 
856	2013	1.000000 
1151	2013	1.000000 
1227	2013	1.000000 
171	2014	1.000000 
467	2014	1.000000 
1045	2014	1.000000 
1003	2015	1.000000 
1356	2015	1.000000 
451	2016	1.000000 
649	2016	1.000000 
243	2017	1.000000 
898	2017	1.000000 
520	2018	1.000000 
739	2019	1.000000 
1416	2019	1.000000 
1528	2019	1.000000 
2	2020	1.000000 
968	2020	1.000000 
665	2021	1.000000 
769	2021	1.000000 
923	2021	1.000000 
726	2022	1.000000 
1333	2022	1.000000 
1155	2023	1.000000 
1463	2024	1.000000 
384	2025	1.000000 
812	2025	1.000000 
972	2025	1.000000 
157	2026	1.000000 
483	2026	1.000000 
687	2026	1.000000 
345	2027	1.000000 
533	2028	1.000000 
626	2028	1.000000 
666	2028	1.000000 
149	2029	1.000000 
613	2029	1.000000 
871	2029	1.000000 
72	2030	1.000000 
834	2030	1.000000 
1158	2031	1.000000 
678	2032	1.000000 
681	2032	1.000000 
1459	2032	1.000000 
1301	2033	1.000000 
1519	2033	1.000000 
219	2034	1.000000 
567	2034	1.000000 
1296	2034	1.000000 
206	2035	1.000000 
216	2036	1.000000 
792	2036	1.000000 
893	2036	1.000000 
1084	2037	1.000000 
96	2038	1.000000 
332	2039	1.000000 
1016	2039	1.000000 
1297	2039	1.000000 
850	2040	1.000000 
32	2041	1.000000 
497	2041	1.000000 
700	2042	1.000000 
181	2043	1.000000 
643	2043	1.000000 
376	2044	1.000000 
680	2044	1.000000 
213	2045	1.000000 
372	2045	1.000000 
816	2045	1.000000 
877	2046	1.000000 
1052	2046	1.000000 
1273	2046	1.000000 
101	2047	1.000000 
233	2047	1.000000 
375	2048	1.000000 
1013	2048	1.000000 
1038	2048	1.000000 
177	2049	1.000000 
387	2049	1.000000 
792	2049	1.000000 
997	2049	1.000000 
1203	2049	1.000000 
1502	2049	1.000000 
168	2050	1.000000 
633	2050	1.000000 
1073	2050	1.000000 
1247	2050	1.000000 
1346	2050	1.000000 
1359	2050	1.000000 
685	2051	1.000000 
887	2051	1.000000 
957	2051	1.000000 
987	2051	1.000000 
1163	2051	1.000000 
1258	2051	1.000000 
153	2052	1.000000 
234	2052	1.000000 
564	2052	1.000000 
610	2052	1.000000 
666	2052	1.000000 
970	2052	1.000000 
167	2053	1.000000 
265	2053	1.000000 
551	2053	1.000000 
643	2053	1.000000 
1443	2053	1.000000 
1487	2053	1.000000 
75	2054	1.000000 
493	2054	1.000000 
513	2054	1.000000 
732	2054	1.000000 
836	2054	1.000000 
1071	2054	1.000000 
25	2055	1.000000 
345	2055	1.000000 
382	2055	1.000000 
424	2055	1.000000 
752	2055	1.000000 
999	2055	1.000000 
98	2056	1.000000 
455	2056	1.000000 
681	2056	1.000000 
967	2056	1.000000 
1150	2056	1.000000 
1240	2056	1.000000 
84	2057	1.000000 
909	2057	1.000000 
1002	2057	1.000000 
1243	2057	1.000000 
1291	2057	1.000000 
1536	2057	1.000000 
117	2058	1.000000 
532	2058	1.000000 
607	2058	1.000000 
761	2058	1.000000 
1380	2058	1.000000 
1515	2058	1.000000 
12	2059	1.000000 
348	2059	1.000000 
679	2059	1.000000 
954	2059	1.000000 
993	2059	1.000000 
1250	2059	1.000000 
94	2060	1.000000 
132	2060	1.000000 
192	2060	1.000000 
556	2060	1.000000 
717	2060	1.000000 
1267	2060	1.000000 
8	2061	1.000000 
19	2061	1.000000 
794	2061	1.000000 
1062	2061	1.000000 
1403	2061	1.000000 
1474	2061	1.000000 
36	2062	1.000000 
188	2062	1.000000 
223	2062	1.000000 
1042	2062	1.000000 
1147	2062	1.000000 
1268	2062	1.000000 
512	2063	1.000000 
524	2063	1.000000 
724	2063	1.000000 
845	2063	1.000000 
1101	2063	1.000000 
1117	2063	1.000000 
373	2064	1.000000 
411	2064	1.000000 
672	2064	1.000000 
880	2064	1.000000 
1290	2064	1.000000 
1463	2064	1.000000 
96	2065	1.000000 
212	2065	1.000000 
519	2065	1.000000 
676	2065	1.000000 
701	2065	1.000000 
1454	2065	1.000000 
95	2066	1.000000 
235	2066	1.000000 
388	2066	1.000000 
506	2066	1.000000 
616	2066	1.000000 
1191	2066	1.000000 
10	2067	1.000000 
126	2067	1.000000 
175	2067	1.000000 
803	2067	1.000000 
922	2067	1.000000 
1156	2067	1.000000 
189	2068	1.000000 
319	2068	1.000000 
736	2068	1.000000 
841	2068	1.000000 
1444	2068	1.000000 
1455	2068	1.000000 
546	2069	1.000000 
907	2069	1.000000 
942	2069	1.000000 
986	2069	1.000000 
1034	2069	1.000000 
1094	2069	1.000000 
127	2070	1.000000 
451	2070	1.000000 
552	2070	1.000000 
612	2070	1.000000 
1065	2070	1.000000 
1119	2070	1.000000 
671	2071	1.000000 
965	2071	1.000000 
1344	2071	1.000000 
1381	2071	1.000000 
1404	2071	1.000000 
1473	2071	1.000000 
563	2072	1.000000 
1161	2072	1.000000 
1162	2072	1.000000 
1284	2072	1.000000 
1302	2072	1.000000 
1534	2072	1.000000 
158	2073	1.000000 
205	2073	1.000000 
247	2073	1.000000 
270	2073	1.000000 
408	2073	1.000000 
1200	2073	1.000000 
17	2074	1.000000 
46	2074	1.000000 
923	2074	1.000000 
971	2074	1.000000 
1296	2074	1.000000 
1518	2074	1.000000 
267	2075	1.000000 
298	2075	1.000000 
789	2075	1.000000 
1183	2075	1.000000 
1223	2075	1.000000 
1270	2075	1.000000 
199	2076	1.000000 
450	2076	1.000000 
453	2076	1.000000 
596	2076	1.000000 
779	2076	1.000000 
1433	2076	1.000000 
68	2077	1.000000 
133	2077	1.000000 
811	2077	1.000000 
833	2077	1.000000 
851	2077	1.000000 
1341	2077	1.000000 
476	2078	1.000000 
680	2078	1.000000 
719	2078	1.000000 
1485	2078	1.000000 
1488	2078	1.000000 
1526	2078	1.000000 
169	2079	1.000000 
472	2079	1.000000 
540	2079	1.000000 
1024	2079	1.000000 
1233	2079	1.000000 
1338	2079	1.000000 
428	2080	1.000000 
645	2080	1.000000 
711	2080	1.000000 
868	2080	1.000000 
968	2080	1.000000 
1134	2080	1.000000 
248	2081	1.000000 
474	2081	1.000000 
528	2081	1.000000 
570	2081	1.000000 
758	2081	1.000000 
1078	2081	1.000000 
18	2082	1.000000 
182	2082	1.000000 
303	2082	1.000000 
380	2082	1.000000 
497	2082	1.000000 
1254	2082	1.000000 
269	2083	1.000000 
341	2083	1.000000 
1033	2083	1.000000 
1099	2083	1.000000 
1177	2083	1.000000 
1319	2083	1.000000 
155	2084	1.000000 
337	2084	1.000000 
534	2084	1.000000 
959	2084	1.000000 
1003	2084	1.000000 
1050	2084	1.000000 
59	2085	1.000000 
465	2085	1.000000 
480	2085	1.000000 
783	2085	1.000000 
1265	2085	1.000000 
1513	2085	1.000000 
186	2086	1.000000 
445	2086	1.000000 
708	2086	1.000000 
1056	2086	1.000000 
1231	2086	1.000000 
1470	2086	1.000000 
771	2087	1.000000 
853	2087	1.000000 
944	2087	1.000000 
1185	2087	1.000000 
1467	2087	1.000000 
1520	2087	1.000000 
422	2088	1.000000 
485	2088	1.000000 
683	2088	1.000000 
1169	2088	1.000000 
1375	2088	1.000000 
1393	2088	1.000000 
210	2089	1.000000 
312	2089	1.000000 
429	2089	1.000000 
639	2089	1.000000 
1234	2089	1.000000 
1372	2089	1.000000 
258	2090	1.000000 
358	2090	1.000000 
390	2090	1.000000 
604	2090	1.000000 
921	2090	1.000000 
1092	2090	1.000000 
106	2091	1.000000 
414	2091	1.000000 
703	2091	1.000000 
798	2091	1.000000 
1107	2091	1.000000 
1140	2091	1.000000 
180	2092	1.000000 
526	2092	1.000000 
1070	2092	1.000000 
1287	2092	1.000000 
1355	2092	1.000000 
1498	2092	1.000000 
197	2093	1.000000 
254	2093	1.000000 
668	2093	1.000000 
902	2093	1.000000 
912	2093	1.000000 
988	2093	1.000000 
83	2094	1.000000 
350	2094	1.000000 
501	2094	1.000000 
502	2094	1.000000 
785	2094	1.000000 
802	2094	1.000000 
60	2095	1.000000 
72	2095	1.000000 
259	2095	1.000000 
1202	2095	1.000000 
1236	2095	1.000000 
1288	2095	1.000000 
49	2096	1.000000 
215	2096	1.000000 
290	2096	1.000000 
477	2096	1.000000 
1286	2096	1.000000 
1318	2096	1.000000 
301	2097	1.000000 
439	2097	1.000000 
522	2097	1.000000 
621	2097	1.000000 
979	2097	1.000000 
1501	2097	1.000000 
154	2098	1.000000 
536	2098	1.000000 
557	2098	1.000000 
1208	2098	1.000000 
1289	2098	1.000000 
1320	2098	1.000000 
641	2099	1.000000 
801	2099	1.000000 
1142	2099	1.000000 
1148	2099	1.000000 
1326	2099	1.000000 
1328	2099	1.000000 
396	2100	1.000000 
768	2100	1.000000 
770	2100	1.000000 
1028	2100	1.000000 
1321	2100	1.000000 
1508	2100	1.000000 
286	2101	1.000000 
601	2101	1.000000 
962	2101	1.000000 
1074	2101	1.000000 
1187	2101	1.000000 
1475	2101	1.000000 
92	2102	1.000000 
470	2102	1.000000 
492	2102	1.000000 
697	2102	1.000000 
1227	2102	1.000000 
1505	2102	1.000000 
314	2103	1.000000 
547	2103	1.000000 
577	2103	1.000000 
1173	2103	1.000000 
1283	2103	1.000000 
1397	2103	1.000000 
764	2104	1.000000 
866	2104	1.000000 
919	2104	1.000000 
1005	2104	1.000000 
1225	2104	1.000000 
1386	2104	1.000000 
2	2105	1.000000 
775	2105	1.000000 
895	2105	1.000000 
1084	2105	1.000000 
1123	2105	1.000000 
1516	2105	1.000000 
71	2106	1.000000 
104	2106	1.000000 
1206	2106	1.000000 
1276	2106	1.000000 
1391	2106	1.000000 
1492	2106	1.000000 
151	2107	1.000000 
535	2107	1.000000 
585	2107	1.000000 
821	2107	1.000000 
1199	2107	1.000000 
1353	2107	1.000000 
315	2108	1.000000 
774	2108	1.000000 
916	2108	1.000000 
1007	2108	1.000000 
1049	2108	1.000000 
1412	2108	1.000000 
462	2109	1.000000 
489	2109	1.000000 
646	2109	1.000000 
742	2109	1.000000 
991	2109	1.000000 
1285	2109	1.000000 
355	2110	1.000000 
608	2110	1.000000 
819	2110	1.000000 
960	2110	1.000000 
1205	2110	1.000000 
1295	2110	1.000000 
392	2111	1.000000 
401	2111	1.000000 
504	2111	1.000000 
804	2111	1.000000 
1009	2111	1.000000 
1256	2111	1.000000 
55	2112	1.000000 
101	2112	1.000000 
118	2112	1.000000 
356	2112	1.000000 
638	2112	1.000000 
1135	2112	1.000000 
119	2113	1.000000 
311	2113	1.000000 
548	2113	1.000000 
675	2113	1.000000 
1220	2113	1.000000 
1460	2113	1.000000 
509	2114	1.000000 
795	2114	1.000000 
876	2114	1.000000 
1316	2114	1.000000 
1382	2114	1.000000 
1532	2114	1.000000 
114	2115	1.000000 
767	2115	1.000000 
966	2115	1.000000 
1048	2115	1.000000 
1136	2115	1.000000 
1279	2115	1.000000 
16	2116	1.000000 
354	2116	1.000000 
824	2116	1.000000 
1235	2116	1.000000 
1242	2116	1.000000 
1294	2116	1.000000 
221	2117	1.000000 
239	2117	1.000000 
349	2117	1.000000 
375	2117	1.000000 
914	2117	1.000000 
961	2117	1.000000 
42	2118	1.000000 
218	2118	1.000000 
669	2118	1.000000 
911	2118	1.000000 
1193	2118	1.000000 
1351	2118	1.000000 
466	2119	1.000000 
715	2119	1.000000 
750	2119	1.000000 
1214	2119	1.000000 
1347	2119	1.000000 
1514	2119	1.000000 
207	2120	1.000000 
222	2120	1.000000 
549	2120	1.000000 
595	2120	1.000000 
935	2120	1.000000 
1422	2120	1.000000 
206	2121	1.000000 
385	2121	1.000000 
598	2121	1.000000 
627	2121	1.000000 
766	2121	1.000000 
1118	2121	1.000000 
58	2122	1.000000 
351	2122	1.000000 
584	2122	1.000000 
760	2122	1.000000 
1407	2122	1.000000 
1431	2122	1.000000 
515	2123	1.000000 
520	2123	1.000000 
698	2123	1.000000 
800	2123	1.000000 
946	2123	1.000000 
1066	2123	1.000000 
124	2124	1.000000 
426	2124	1.000000 
594	2124	1.000000 
745	2124	1.000000 
955	2124	1.000000 
983	2124	1.000000 
51	2125	1.000000 
294	2125	1.000000 
814	2125	1.000000 
815	2125	1.000000 
878	2125	1.000000 
1300	2125	1.000000 
121	2126	1.000000 
135	2126	1.000000 
651	2126	1.000000 
1130	2126	1.000000 
1221	2126	1.000000 
1367	2126	1.000000 
103	2127	1.000000 
150	2127	1.000000 
245	2127	1.000000 
309	2127	1.000000 
831	2127	1.000000 
837	2127	1.000000 
329	2128	1.000000 
617	2128	1.000000 
700	2128	1.000000 
765	2128	1.000000 
915	2128	1.000000 
1091	2128	1.000000 
111	2129	1.000000 
145	2129	1.000000 
705	2129	1.000000 
1022	2129	1.000000 
1052	2129	1.000000 
1167	2129	1.000000 
308	2130	1.000000 
850	2130	1.000000 
1079	2130	1.000000 
1204	2130	1.000000 
1512	2130	1.000000 
1524	2130	1.000000 
102	2131	1.000000 
165	2131	1.000000 
559	2131	1.000000 
933	2131	1.000000 
1350	2131	1.000000 
1483	2131	1.000000 
321	2132	1.000000 
494	2132	1.000000 
572	2132	1.000000 
597	2132	1.000000 
1251	2132	1.000000 
1327	2132	1.000000 
541	2133	1.000000 
781	2133	1.000000 
1041	2133	1.000000 
1109	2133	1.000000 
1229	2133	1.000000 
1425	2133	1.000000 
48	2134	1.000000 
498	2134	1.000000 
786	2134	1.000000 
870	2134	1.000000 
881	2134	1.000000 
1100	2134	1.000000 
52	2135	1.000000 
363	2135	1.000000 
562	2135	1.000000 
861	2135	1.000000 
984	2135	1.000000 
1054	2135	1.000000 
120	2136	1.000000 
272	2136	1.000000 
722	2136	1.000000 
1194	2136	1.000000 
1306	2136	1.000000 
1423	2136	1.000000 
171	2137	1.000000 
233	2137	1.000000 
482	2137	1.000000 
1083	2137	1.000000 
1087	2137	1.000000 
1155	2137	1.000000 
391	2138	1.000000 
434	2138	1.000000 
733	2138	1.000000 
1075	2138	1.000000 
1249	2138	1.000000 
1390	2138	1.000000 
109	2139	1.000000 
436	2139	1.000000 
842	2139	1.000000 
854	2139	1.000000 
932	2139	1.000000 
1333	2139	1.000000 
159	2140	1.000000 
214	2140	1.000000 
393	2140	1.000000 
459	2140	1.000000 
656	2140	1.000000 
756	2140	1.000000 
108	2141	1.000000 
275	2141	1.000000 
784	2141	1.000000 
1043	2141	1.000000 
1132	2141	1.000000 
1182	2141	1.000000 
323	2142	1.000000 
443	2142	1.000000 
531	2142	1.000000 
964	2142	1.000000 
1086	2142	1.000000 
1452	2142	1.000000 
292	2143	1.000000 
306	2143	1.000000 
735	2143	1.000000 
757	2143	1.000000 
1090	2143	1.000000 
1170	2143	1.000000 
190	2144	1.000000 
344	2144	1.000000 
374	2144	1.000000 
581	2144	1.000000 
755	2144	1.000000 
1211	2144	1.000000 
45	2145	1.000000 
220	2145	1.000000 
297	2145	1.000000 
973	2145	1.000000 
1237	2145	1.000000 
1533	2145	1.000000 
262	2146	1.000000 
629	2146	1.000000 
678	2146	1.000000 
1077	2146	1.000000 
1201	2146	1.000000 
1222	2146	1.000000 
432	2147	1.000000 
624	2147	1.000000 
630	2147	1.000000 
998	2147	1.000000 
1491	2147	1.000000 
1527	2147	1.000000 
147	2148	1.000000 
200	2148	1.000000 
284	2148	1.000000 
495	2148	1.000000 
1076	2148	1.000000 
1260	2148	1.000000 
4	2149	1.000000 
326	2149	1.000000 
398	2149	1.000000 
692	2149	1.000000 
734	2149	1.000000 
1440	2149	1.000000 
6	2150	1.000000 
146	2150	1.000000 
440	2150	1.000000 
1026	2150	1.000000 
1369	2150	1.000000 
1398	2150	1.000000 
336	2151	1.000000 
799	2151	1.000000 
1055	2151	1.000000 
1232	2151	1.000000 
1245	2151	1.000000 
1438	2151	1.000000 
183	2152	1.000000 
307	2152	1.000000 
634	2152	1.000000 
640	2152	1.000000 
1068	2152	1.000000 
1303	2152	1.000000 
91	2153	1.000000 
340	2153	1.000000 
825	2153	1.000000 
849	2153	1.000000 
1301	2153	1.000000 
1529	2153	1.000000 
139	2154	1.000000 
149	2154	1.000000 
405	2154	1.000000 
481	2154	1.000000 
1001	2154	1.000000 
1248	2154	1.000000 
29	2155	1.000000 
246	2155	1.000000 
637	2155	1.000000 
657	2155	1.000000 
718	2155	1.000000 
1461	2155	1.000000 
34	2156	1.000000 
195	2156	1.000000 
229	2156	1.000000 
362	2156	1.000000 
613	2156	1.000000 
982	2156	1.000000 
202	2157	1.000000 
203	2157	1.000000 
463	2157	1.000000 
1044	2157	1.000000 
1126	2157	1.000000 
1497	2157	1.000000 
244	2158	1.000000 
359	2158	1.000000 
437	2158	1.000000 
518	2158	1.000000 
1016	2158	1.000000 
1097	2158	1.000000 
511	2159	1.000000 
673	2159	1.000000 
706	2159	1.000000 
805	2159	1.000000 
864	2159	1.000000 
1072	2159	1.000000 
9	2160	1.000000 
304	2160	1.000000 
378	2160	1.000000 
399	2160	1.000000 
687	2160	1.000000 
1310	2160	1.000000 
328	2161	1.000000 
896	2161	1.000000 
1111	2161	1.000000 
1166	2161	1.000000 
1329	2161	1.000000 
1531	2161	1.000000 
157	2162	1.000000 
191	2162	1.000000 
227	2162	1.000000 
282	2162	1.000000 
479	2162	1.000000 
1252	2162	1.000000 
40	2163	1.000000 
65	2163	1.000000 
508	2163	1.000000 
619	2163	1.000000 
631	2163	1.000000 
1152	2163	1.000000 
7	2164	1.000000 
285	2164	1.000000 
567	2164	1.000000 
900	2164	1.000000 
1137	2164	1.000000 
1401	2164	1.000000 
73	2165	1.000000 
1113	2165	1.000000 
1239	2165	1.000000 
1426	2165	1.000000 
1429	2165	1.000000 
1511	2165	1.000000 
112	2166	1.000000 
113	2166	1.000000 
152	2166	1.000000 
264	2166	1.000000 
487	2166	1.000000 
820	2166	1.000000 
79	2167	1.000000 
305	2167	1.000000 
810	2167	1.000000 
1046	2167	1.000000 
1273	2167	1.000000 
1334	2167	1.000000 
140	2168	1.000000 
435	2168	1.000000 
458	2168	1.000000 
746	2168	1.000000 
839	2168	1.000000 
1261	2168	1.000000 
3	2169	1.000000 
626	2169	1.000000 
664	2169	1.000000 
1244	2169	1.000000 
1421	2169	1.000000 
1427	2169	1.000000 
144	2170	1.000000 
927	2170	1.000000 
974	2170	1.000000 
1340	2170	1.000000 
1405	2170	1.000000 
1507	2170	1.000000 
488	2171	1.000000 
623	2171	1.000000 
674	2171	1.000000 
693	2171	1.000000 
1374	2171	1.000000 
1464	2171	1.000000 
232	2172	1.000000 
442	2172	1.000000 
737	2172	1.000000 
1012	2172	1.000000 
1098	2172	1.000000 
1192	2172	1.000000 
296	2173	1.000000 
423	2173	1.000000 
649	2173	1.000000 
1088	2173	1.000000 
1275	2173	1.000000 
1509	2173	1.000000 
571	2174	1.000000 
622	2174	1.000000 
662	2174	1.000000 
844	2174	1.000000 
972	2174	1.000000 
1216	2174	1.000000 
14	2175	1.000000 
161	2175	1.000000 
300	2175	1.000000 
438	2175	1.000000 
695	2175	1.000000 
893	2175	1.000000 
67	2176	1.000000 
166	2176	1.000000 
251	2176	1.000000 
310	2176	1.000000 
456	2176	1.000000 
939	2176	1.000000 
363	2177	1.000000 
741	2177	1.000000 
796	2177	1.000000 
840	2177	1.000000 
1260	2177	1.000000 
1398	2177	1.000000 
606	2178	1.000000 
620	2178	1.000000 
692	2178	1.000000 
828	2178	1.000000 
1194	2178	1.000000 
1232	2178	1.000000 
6	2179	1.000000 
53	2179	1.000000 
640	2179	1.000000 
655	2179	1.000000 
1083	2179	1.000000 
1482	2179	1.000000 
91	2180	1.000000 
336	2180	1.000000 
806	2180	1.000000 
920	2180	1.000000 
956	2180	1.000000 
1075	2180	1.000000 
307	2181	1.000000 
481	2181	1.000000 
738	2181	1.000000 
1333	2181	1.000000 
1370	2181	1.000000 
1435	2181	1.000000 
29	2182	1.000000 
30	2182	1.000000 
393	2182	1.000000 
825	2182	1.000000 
1000	2182	1.000000 
1262	2182	1.000000 
263	2183	1.000000 
362	2183	1.000000 
720	2183	1.000000 
1001	2183	1.000000 
1132	2183	1.000000 
1352	2183	1.000000 
128	2184	1.000000 
246	2184	1.000000 
283	2184	1.000000 
463	2184	1.000000 
963	2184	1.000000 
1086	2184	1.000000 
187	2185	1.000000 
229	2185	1.000000 
518	2185	1.000000 
686	2185	1.000000 
735	2185	1.000000 
1486	2185	1.000000 
216	2186	1.000000 
273	2186	1.000000 
279	2186	1.000000 
581	2186	1.000000 
805	2186	1.000000 
1044	2186	1.000000 
304	2187	1.000000 
906	2187	1.000000 
1097	2187	1.000000 
1226	2187	1.000000 
1237	2187	1.000000 
1446	2187	1.000000 
262	2188	1.000000 
328	2188	1.000000 
418	2188	1.000000 
511	2188	1.000000 
618	2188	1.000000 
628	2188	1.000000 
227	2189	1.000000 
399	2189	1.000000 
452	2189	1.000000 
1358	2189	1.000000 
1472	2189	1.000000 
1491	2189	1.000000 
200	2190	1.000000 
403	2190	1.000000 
425	2190	1.000000 
508	2190	1.000000 
636	2190	1.000000 
1531	2190	1.000000 
326	2191	1.000000 
460	2191	1.000000 
461	2191	1.000000 
565	2191	1.000000 
1252	2191	1.000000 
1401	2191	1.000000 
65	2192	1.000000 
201	2192	1.000000 
440	2192	1.000000 
886	2192	1.000000 
1429	2192	1.000000 
1530	2192	1.000000 
276	2193	1.000000 
366	2193	1.000000 
567	2193	1.000000 
820	2193	1.000000 
1408	2193	1.000000 
1438	2193	1.000000 
183	2194	1.000000 
185	2194	1.000000 
305	2194	1.000000 
484	2194	1.000000 
1190	2194	1.000000 
1511	2194	1.000000 
264	2195	1.000000 
389	2195	1.000000 
435	2195	1.000000 
471	2195	1.000000 
699	2195	1.000000 
1301	2195	1.000000 
149	2196	1.000000 
237	2196	1.000000 
778	2196	1.000000 
897	2196	1.000000 
1244	2196	1.000000 
1334	2196	1.000000 
140	2197	1.000000 
217	2197	1.000000 
657	2197	1.000000 
974	2197	1.000000 
1476	2197	1.000000 
1506	2197	1.000000 
3	2198	1.000000 
41	2198	1.000000 
488	2198	1.000000 
889	2198	1.000000 
937	2198	1.000000 
982	2198	1.000000 
56	2199	1.000000 
144	2199	1.000000 
202	2199	1.000000 
737	2199	1.000000 
1337	2199	1.000000 
1525	2199	1.000000 
141	2200	1.000000 
244	2200	1.000000 
296	2200	1.000000 
674	2200	1.000000 
874	2200	1.000000 
1121	2200	1.000000 
232	2201	1.000000 
622	2201	1.000000 
706	2201	1.000000 
908	2201	1.000000 
1414	2201	1.000000 
1428	2201	1.000000 
161	2202	1.000000 
566	2202	1.000000 
649	2202	1.000000 
687	2202	1.000000 
1217	2202	1.000000 
1343	2202	1.000000 
310	2203	1.000000 
844	2203	1.000000 
1166	2203	1.000000 
1181	2203	1.000000 
1230	2203	1.000000 
1417	2203	1.000000 
198	2204	1.000000 
243	2204	1.000000 
330	2204	1.000000 
438	2204	1.000000 
479	2204	1.000000 
1203	2204	1.000000 
40	2205	1.000000 
130	2205	1.000000 
918	2205	1.000000 
939	2205	1.000000 
1133	2205	1.000000 
1247	2205	1.000000 
550	2206	1.000000 
1116	2206	1.000000 
1137	2206	1.000000 
1163	2206	1.000000 
1293	2206	1.000000 
1502	2206	1.000000 
168	2207	1.000000 
255	2207	1.000000 
610	2207	1.000000 
791	2207	1.000000 
1315	2207	1.000000 
1426	2207	1.000000 
23	2208	1.000000 
112	2208	1.000000 
667	2208	1.000000 
829	2208	1.000000 
987	2208	1.000000 
1487	2208	1.000000 
79	2209	1.000000 
153	2209	1.000000 
163	2209	1.000000 
228	2209	1.000000 
773	2209	1.000000 
1071	2209	1.000000 
50	2210	1.000000 
265	2210	1.000000 
345	2210	1.000000 
529	2210	1.000000 
593	2210	1.000000 
1261	2210	1.000000 
31	2211	1.000000 
664	2211	1.000000 
788	2211	1.000000 
836	2211	1.000000 
947	2211	1.000000 
967	2211	1.000000 
295	2212	1.000000 
382	2212	1.000000 
888	2212	1.000000 
1096	2212	1.000000 
1243	2212	1.000000 
1405	2212	1.000000 
580	2213	1.000000 
583	2213	1.000000 
632	2213	1.000000 
1240	2213	1.000000 
1374	2213	1.000000 
1380	2213	1.000000 
684	2214	1.000000 
954	2214	1.000000 
1012	2214	1.000000 
1345	2214	1.000000 
1481	2214	1.000000 
1536	2214	1.000000 
62	2215	1.000000 
94	2215	1.000000 
224	2215	1.000000 
236	2215	1.000000 
607	2215	1.000000 
1275	2215	1.000000 
377	2216	1.000000 
592	2216	1.000000 
662	2216	1.000000 
794	2216	1.000000 
993	2216	1.000000 
1154	2216	1.000000 
132	2217	1.000000 
179	2217	1.000000 
188	2217	1.000000 
464	2217	1.000000 
648	2217	1.000000 
893	2217	1.000000 
431	2218	1.000000 
456	2218	1.000000 
587	2218	1.000000 
694	2218	1.000000 
845	2218	1.000000 
1403	2218	1.000000 
36	2219	1.000000 
353	2219	1.000000 
387	2219	1.000000 
1184	2219	1.000000 
1463	2219	1.000000 
1471	2219	1.000000 
212	2220	1.000000 
342	2220	1.000000 
512	2220	1.000000 
780	2220	1.000000 
1346	2220	1.000000 
1388	2220	1.000000 
28	2221	1.000000 
949	2221	1.000000 
957	2221	1.000000 
1191	2221	1.000000 
1259	2221	1.000000 
1290	2221	1.000000 
274	2222	1.000000 
527	2222	1.000000 
564	2222	1.000000 
922	2222	1.000000 
1008	2222	1.000000 
1454	2222	1.000000 
95	2223	1.000000 
551	2223	1.000000 
827	2223	1.000000 
1210	2223	1.000000 
1447	2223	1.000000 
1455	2223	1.000000 
126	2224	1.000000 
493	2224	1.000000 
576	2224	1.000000 
605	2224	1.000000 
907	2224	1.000000 
1415	2224	1.000000 
521	2225	1.000000 
612	2225	1.000000 
859	2225	1.000000 
999	2225	1.000000 
1394	2225	1.000000 
1444	2225	1.000000 
965	2226	1.000000 
986	2226	1.000000 
1149	2226	1.000000 
1150	2226	1.000000 
1410	2226	1.000000 
1450	2226	1.000000 
420	2227	1.000000 
858	2227	1.000000 
948	2227	1.000000 
1065	2227	1.000000 
1291	2227	1.000000 
1534	2227	1.000000 
117	2228	1.000000 
247	2228	1.000000 
582	2228	1.000000 
1171	2228	1.000000 
1189	2228	1.000000 
1473	2228	1.000000 
679	2229	1.000000 
971	2229	1.000000 
1045	2229	1.000000 
1143	2229	1.000000 
1302	2229	1.000000 
1478	2229	1.000000 
270	2230	1.000000 
717	2230	1.000000 
852	2230	1.000000 
1017	2230	1.000000 
1183	2230	1.000000 
1322	2230	1.000000 
19	2231	1.000000 
46	2231	1.000000 
199	2231	1.000000 
885	2231	1.000000 
1105	2231	1.000000 
1528	2231	1.000000 
176	2232	1.000000 
371	2232	1.000000 
789	2232	1.000000 
851	2232	1.000000 
1127	2232	1.000000 
1268	2232	1.000000 
230	2233	1.000000 
364	2233	1.000000 
596	2233	1.000000 
724	2233	1.000000 
1269	2233	1.000000 
1488	2233	1.000000 
100	2234	1.000000 
288	2234	1.000000 
472	2234	1.000000 
811	2234	1.000000 
848	2234	1.000000 
880	2234	1.000000 
261	2235	1.000000 
519	2235	1.000000 
645	2235	1.000000 
809	2235	1.000000 
1228	2235	1.000000 
1526	2235	1.000000 
169	2236	1.000000 
386	2236	1.000000 
388	2236	1.000000 
555	2236	1.000000 
570	2236	1.000000 
1069	2236	1.000000 
10	2237	1.000000 
142	2237	1.000000 
303	2237	1.000000 
409	2237	1.000000 
968	2237	1.000000 
1051	2237	1.000000 
319	2238	1.000000 
528	2238	1.000000 
1099	2238	1.000000 
1139	2238	1.000000 
1272	2238	1.000000 
1420	2238	1.000000 
337	2239	1.000000 
380	2239	1.000000 
1034	2239	1.000000 
1241	2239	1.000000 
1257	2239	1.000000 
1330	2239	1.000000 
266	2240	1.000000 
269	2240	1.000000 
465	2240	1.000000 
552	2240	1.000000 
635	2240	1.000000 
1499	2240	1.000000 
155	2241	1.000000 
186	2241	1.000000 
226	2241	1.000000 
857	2241	1.000000 
1060	2241	1.000000 
1404	2241	1.000000 
480	2242	1.000000 
563	2242	1.000000 
934	2242	1.000000 
938	2242	1.000000 
1456	2242	1.000000 
1467	2242	1.000000 
35	2243	1.000000 
415	2243	1.000000 
835	2243	1.000000 
1200	2243	1.000000 
1375	2243	1.000000 
1470	2243	1.000000 
125	2244	1.000000 
639	2244	1.000000 
771	2244	1.000000 
890	2244	1.000000 
923	2244	1.000000 
1179	2244	1.000000 
160	2245	1.000000 
267	2245	1.000000 
422	2245	1.000000 
721	2245	1.000000 
1092	2245	1.000000 
1165	2245	1.000000 
312	2246	1.000000 
453	2246	1.000000 
703	2246	1.000000 
830	2246	1.000000 
930	2246	1.000000 
992	2246	1.000000 
180	2247	1.000000 
258	2247	1.000000 
419	2247	1.000000 
833	2247	1.000000 
1378	2247	1.000000 
1395	2247	1.000000 
397	2248	1.000000 
476	2248	1.000000 
912	2248	1.000000 
1021	2248	1.000000 
1140	2248	1.000000 
1448	2248	1.000000 
361	2249	1.000000 
502	2249	1.000000 
652	2249	1.000000 
926	2249	1.000000 
1070	2249	1.000000 
1233	2249	1.000000 
174	2250	1.000000 
332	2250	1.000000 
668	2250	1.000000 
868	2250	1.000000 
882	2250	1.000000 
1202	2250	1.000000 
83	2251	1.000000 
290	2251	1.000000 
334	2251	1.000000 
860	2251	1.000000 
1078	2251	1.000000 
1093	2251	1.000000 
447	2252	1.000000 
497	2252	1.000000 
979	2252	1.000000 
1236	2252	1.000000 
1363	2252	1.000000 
1432	2252	1.000000 
215	2253	1.000000 
793	2253	1.000000 
995	2253	1.000000 
1033	2253	1.000000 
1320	2253	1.000000 
1361	2253	1.000000 
1027	2254	1.000000 
1050	2254	1.000000 
1142	2254	1.000000 
1271	2254	1.000000 
1278	2254	1.000000 
1501	2254	1.000000 
99	2255	1.000000 
557	2255	1.000000 
832	2255	1.000000 
1265	2255	1.000000 
1508	2255	1.000000 
1510	2255	1.000000 
445	2256	1.000000 
600	2256	1.000000 
901	2256	1.000000 
962	2256	1.000000 
1309	2256	1.000000 
1326	2256	1.000000 
88	2257	1.000000 
92	2257	1.000000 
396	2257	1.000000 
457	2257	1.000000 
853	2257	1.000000 
898	2257	1.000000 
286	2258	1.000000 
412	2258	1.000000 
547	2258	1.000000 
682	2258	1.000000 
683	2258	1.000000 
1010	2258	1.000000 
210	2259	1.000000 
490	2259	1.000000 
492	2259	1.000000 
591	2259	1.000000 
1225	2259	1.000000 
1409	2259	1.000000 
441	2260	1.000000 
577	2260	1.000000 
712	2260	1.000000 
921	2260	1.000000 
1084	2260	1.000000 
1349	2260	1.000000 
71	2261	1.000000 
106	2261	1.000000 
654	2261	1.000000 
843	2261	1.000000 
1005	2261	1.000000 
1377	2261	1.000000 
491	2262	1.000000 
535	2262	1.000000 
740	2262	1.000000 
775	2262	1.000000 
1138	2262	1.000000 
1287	2262	1.000000 
254	2263	1.000000 
523	2263	1.000000 
894	2263	1.000000 
916	2263	1.000000 
1081	2263	1.000000 
1206	2263	1.000000 
278	2264	1.000000 
302	2264	1.000000 
501	2264	1.000000 
1023	2264	1.000000 
1285	2264	1.000000 
1353	2264	1.000000 
360	2265	1.000000 
413	2265	1.000000 
716	2265	1.000000 
819	2265	1.000000 
1288	2265	1.000000 
1412	2265	1.000000 
49	2266	1.000000 
462	2266	1.000000 
812	2266	1.000000 
980	2266	1.000000 
1009	2266	1.000000 
1489	2266	1.000000 
123	2267	1.000000 
355	2267	1.000000 
356	2267	1.000000 
439	2267	1.000000 
1160	2267	1.000000 
1188	2267	1.000000 
162	2268	1.000000 
548	2268	1.000000 
1208	2268	1.000000 
1256	2268	1.000000 
1292	2268	1.000000 
1462	2268	1.000000 
101	2269	1.000000 
318	2269	1.000000 
427	2269	1.000000 
509	2269	1.000000 
641	2269	1.000000 
1419	2269	1.000000 
603	2270	1.000000 
615	2270	1.000000 
675	2270	1.000000 
823	2270	1.000000 
966	2270	1.000000 
1321	2270	1.000000 
16	2271	1.000000 
601	2271	1.000000 
744	2271	1.000000 
1316	2271	1.000000 
1365	2271	1.000000 
1496	2271	1.000000 
114	2272	1.000000 
221	2272	1.000000 
316	2272	1.000000 
642	2272	1.000000 
787	2272	1.000000 
1227	2272	1.000000 
89	2273	1.000000 
421	2273	1.000000 
891	2273	1.000000 
911	2273	1.000000 
1173	2273	1.000000 
1235	2273	1.000000 
43	2274	1.000000 
90	2274	1.000000 
239	2274	1.000000 
715	2274	1.000000 
751	2274	1.000000 
866	2274	1.000000 
97	2275	1.000000 
218	2275	1.000000 
222	2275	1.000000 
250	2275	1.000000 
1036	2275	1.000000 
1516	2275	1.000000 
164	2276	1.000000 
598	2276	1.000000 
750	2276	1.000000 
950	2276	1.000000 
1430	2276	1.000000 
1492	2276	1.000000 
151	2277	1.000000 
194	2277	1.000000 
584	2277	1.000000 
1131	2277	1.000000 
1366	2277	1.000000 
1422	2277	1.000000 
433	2278	1.000000 
520	2278	1.000000 
627	2278	1.000000 
952	2278	1.000000 
1049	2278	1.000000 
1535	2278	1.000000 
281	2279	1.000000 
588	2279	1.000000 
745	2279	1.000000 
760	2279	1.000000 
991	2279	1.000000 
1011	2279	1.000000 
339	2280	1.000000 
372	2280	1.000000 
698	2280	1.000000 
878	2280	1.000000 
1295	2280	1.000000 
1439	2280	1.000000 
253	2281	1.000000 
426	2281	1.000000 
650	2281	1.000000 
804	2281	1.000000 
1128	2281	1.000000 
1130	2281	1.000000 
51	2282	1.000000 
55	2282	1.000000 
245	2282	1.000000 
611	2282	1.000000 
644	2282	1.000000 
1082	2282	1.000000 
119	2283	1.000000 
135	2283	1.000000 
568	2283	1.000000 
700	2283	1.000000 
1030	2283	1.000000 
1332	2283	1.000000 
111	2284	1.000000 
545	2284	1.000000 
677	2284	1.000000 
837	2284	1.000000 
1339	2284	1.000000 
1532	2284	1.000000 
308	2285	1.000000 
410	2285	1.000000 
915	2285	1.000000 
990	2285	1.000000 
1279	2285	1.000000 
1307	2285	1.000000 
776	2286	1.000000 
1037	2286	1.000000 
1052	2286	1.000000 
1242	2286	1.000000 
1483	2286	1.000000 
1494	2286	1.000000 
313	2287	1.000000 
375	2287	1.000000 
558	2287	1.000000 
572	2287	1.000000 
1064	2287	1.000000 
1204	2287	1.000000 
559	2288	1.000000 
614	2288	1.000000 
781	2288	1.000000 
1193	2288	1.000000 
1311	2288	1.000000 
1312	2288	1.000000 
48	2289	1.000000 
597	2289	1.000000 
609	2289	1.000000 
1004	2289	1.000000 
1214	2289	1.000000 
1457	2289	1.000000 
541	2290	1.000000 
542	2290	1.000000 
595	2290	1.000000 
1054	2290	1.000000 
1402	2290	1.000000 
1477	2290	1.000000 
110	2291	1.000000 
116	2291	1.000000 
148	2291	1.000000 
385	2291	1.000000 
881	2291	1.000000 
1306	2291	1.000000 
58	2292	1.000000 
69	2292	1.000000 
562	2292	1.000000 
1141	2292	1.000000 
1155	2292	1.000000 
1389	2292	1.000000 
120	2293	1.000000 
871	2293	1.000000 
994	2293	1.000000 
1066	2293	1.000000 
1186	2293	1.000000 
1249	2293	1.000000 
602	2294	1.000000 
842	2294	1.000000 
981	2294	1.000000 
983	2294	1.000000 
1087	2294	1.000000 
1325	2294	1.000000 
159	2295	1.000000 
294	2295	1.000000 
434	2295	1.000000 
943	2295	1.000000 
1178	2295	1.000000 
1212	2295	1.000000 
63	2296	1.000000 
651	2296	1.000000 
688	2296	1.000000 
854	2296	1.000000 
976	2296	1.000000 
1043	2296	1.000000 
74	2297	1.000000 
214	2297	1.000000 
252	2297	1.000000 
516	2297	1.000000 
831	2297	1.000000 
964	2297	1.000000 
108	2298	1.000000 
129	2298	1.000000 
329	2298	1.000000 
884	2298	1.000000 
1170	2298	1.000000 
1299	2298	1.000000 
209	2299	1.000000 
374	2299	1.000000 
483	2299	1.000000 
579	2299	1.000000 
1022	2299	1.000000 
1452	2299	1.000000 
81	2300	1.000000 
973	2300	1.000000 
1090	2300	1.000000 
1264	2300	1.000000 
1313	2300	1.000000 
1512	2300	1.000000 
190	2301	1.000000 
395	2301	1.000000 
469	2301	1.000000 
1077	2301	1.000000 
1335	2301	1.000000 
1350	2301	1.000000 
297	2302	1.000000 
432	2302	1.000000 
494	2302	1.000000 
517	2302	1.000000 
1103	2302	1.000000 
1376	2302	1.000000 
284	2303	1.000000 
486	2303	1.000000 
678	2303	1.000000 
1145	2303	1.000000 
1406	2303	1.000000 
1425	2303	1.000000 
734	2304	1.000000 
786	2304	1.000000 
838	2304	1.000000 
989	2304	1.000000 
1018	2304	1.000000 
1527	2304	1.000000 
136	2305	1.000000 
559	2305	1.000000 
646	2305	1.000000 
720	2305	1.000000 
1362	2305	1.000000 
1477	2305	1.000000 
110	2306	1.000000 
597	2306	1.000000 
739	2306	1.000000 
963	2306	1.000000 
1006	2306	1.000000 
1205	2306	1.000000 
69	2307	1.000000 
225	2307	1.000000 
392	2307	1.000000 
541	2307	1.000000 
686	2307	1.000000 
1495	2307	1.000000 
279	2308	1.000000 
714	2308	1.000000 
881	2308	1.000000 
1135	2308	1.000000 
1186	2308	1.000000 
1198	2308	1.000000 
193	2309	1.000000 
562	2309	1.000000 
590	2309	1.000000 
602	2309	1.000000 
1220	2309	1.000000 
1446	2309	1.000000 
27	2310	1.000000 
120	2310	1.000000 
618	2310	1.000000 
777	2310	1.000000 
1212	2310	1.000000 
1382	2310	1.000000 
688	2311	1.000000 
767	2311	1.000000 
913	2311	1.000000 
1087	2311	1.000000 
1357	2311	1.000000 
1472	2311	1.000000 
74	2312	1.000000 
93	2312	1.000000 
425	2312	1.000000 
434	2312	1.000000 
1063	2312	1.000000 
1294	2312	1.000000 
565	2313	1.000000 
769	2313	1.000000 
854	2313	1.000000 
862	2313	1.000000 
884	2313	1.000000 
914	2313	1.000000 
201	2314	1.000000 
209	2314	1.000000 
214	2314	1.000000 
331	2314	1.000000 
1351	2314	1.000000 
1418	2314	1.000000 
108	2315	1.000000 
575	2315	1.000000 
731	2315	1.000000 
1264	2315	1.000000 
1347	2315	1.000000 
1408	2315	1.000000 
496	2316	1.000000 
549	2316	1.000000 
1190	2316	1.000000 
1335	2316	1.000000 
1371	2316	1.000000 
1452	2316	1.000000 
134	2317	1.000000 
389	2317	1.000000 
1090	2317	1.000000 
1103	2317	1.000000 
1118	2317	1.000000 
1522	2317	1.000000 
21	2318	1.000000 
190	2318	1.000000 
778	2318	1.000000 
1145	2318	1.000000 
1304	2318	1.000000 
1407	2318	1.000000 
297	2319	1.000000 
503	2319	1.000000 
515	2319	1.000000 
910	2319	1.000000 
1018	2319	1.000000 
1506	2319	1.000000 
594	2320	1.000000 
678	2320	1.000000 
796	2320	1.000000 
937	2320	1.000000 
978	2320	1.000000 
1104	2320	1.000000 
78	2321	1.000000 
473	2321	1.000000 
815	2321	1.000000 
828	2321	1.000000 
1337	2321	1.000000 
1527	2321	1.000000 
874	2322	1.000000 
903	2322	1.000000 
917	2322	1.000000 
1221	2322	1.000000 
1260	2322	1.000000 
1482	2322	1.000000 
47	2323	1.000000 
150	2323	1.000000 
510	2323	1.000000 
692	2323	1.000000 
920	2323	1.000000 
1414	2323	1.000000 
6	2324	1.000000 
320	2324	1.000000 
467	2324	1.000000 
1091	2324	1.000000 
1343	2324	1.000000 
1370	2324	1.000000 
30	2325	1.000000 
145	2325	1.000000 
336	2325	1.000000 
865	2325	1.000000 
1181	2325	1.000000 
1238	2325	1.000000 
198	2326	1.000000 
289	2326	1.000000 
307	2326	1.000000 
478	2326	1.000000 
1079	2326	1.000000 
1352	2326	1.000000 
102	2327	1.000000 
130	2327	1.000000 
283	2327	1.000000 
807	2327	1.000000 
825	2327	1.000000 
1067	2327	1.000000 
187	2328	1.000000 
550	2328	1.000000 
985	2328	1.000000 
1001	2328	1.000000 
1251	2328	1.000000 
1468	2328	1.000000 
246	2329	1.000000 
255	2329	1.000000 
273	2329	1.000000 
468	2329	1.000000 
1109	2329	1.000000 
1305	2329	1.000000 
23	2330	1.000000 
229	2330	1.000000 
870	2330	1.000000 
892	2330	1.000000 
906	2330	1.000000 
1047	2330	1.000000 
327	2331	1.000000 
628	2331	1.000000 
773	2331	1.000000 
861	2331	1.000000 
1044	2331	1.000000 
1323	2331	1.000000 
50	2332	1.000000 
272	2332	1.000000 
452	2332	1.000000 
454	2332	1.000000 
826	2332	1.000000 
1097	2332	1.000000 
31	2333	1.000000 
171	2333	1.000000 
511	2333	1.000000 
636	2333	1.000000 
1106	2333	1.000000 
1274	2333	1.000000 
391	2334	1.000000 
399	2334	1.000000 
461	2334	1.000000 
1096	2334	1.000000 
1282	2334	1.000000 
1469	2334	1.000000 
436	2335	1.000000 
580	2335	1.000000 
875	2335	1.000000 
1253	2335	1.000000 
1530	2335	1.000000 
1531	2335	1.000000 
70	2336	1.000000 
137	2336	1.000000 
276	2336	1.000000 
756	2336	1.000000 
1252	2336	1.000000 
1345	2336	1.000000 
65	2337	1.000000 
236	2337	1.000000 
484	2337	1.000000 
784	2337	1.000000 
1207	2337	1.000000 
1399	2337	1.000000 
242	2338	1.000000 
531	2338	1.000000 
567	2338	1.000000 
592	2338	1.000000 
690	2338	1.000000 
699	2338	1.000000 
179	2339	1.000000 
237	2339	1.000000 
292	2339	1.000000 
1020	2339	1.000000 
1458	2339	1.000000 
1511	2339	1.000000 
204	2340	1.000000 
217	2340	1.000000 
264	2340	1.000000 
344	2340	1.000000 
431	2340	1.000000 
747	2340	1.000000 
41	2341	1.000000 
45	2341	1.000000 
353	2341	1.000000 
725	2341	1.000000 
856	2341	1.000000 
1334	2341	1.000000 
56	2342	1.000000 
140	2342	1.000000 
172	2342	1.000000 
759	2342	1.000000 
780	2342	1.000000 
1222	2342	1.000000 
3	2343	1.000000 
343	2343	1.000000 
430	2343	1.000000 
624	2343	1.000000 
949	2343	1.000000 
1121	2343	1.000000 
144	2344	1.000000 
365	2344	1.000000 
495	2344	1.000000 
527	2344	1.000000 
754	2344	1.000000 
908	2344	1.000000 
293	2345	1.000000 
398	2345	1.000000 
566	2345	1.000000 
674	2345	1.000000 
827	2345	1.000000 
1297	2345	1.000000 
232	2346	1.000000 
576	2346	1.000000 
1129	2346	1.000000 
1369	2346	1.000000 
1417	2346	1.000000 
1480	2346	1.000000 
330	2347	1.000000 
649	2347	1.000000 
1039	2347	1.000000 
1055	2347	1.000000 
1394	2347	1.000000 
1434	2347	1.000000 
1	2348	1.000000 
844	2348	1.000000 
867	2348	1.000000 
1068	2348	1.000000 
1133	2348	1.000000 
1450	2348	1.000000 
438	2349	1.000000 
948	2349	1.000000 
1116	2349	1.000000 
1255	2349	1.000000 
1484	2349	1.000000 
1529	2349	1.000000 
324	2350	1.000000 
405	2350	1.000000 
939	2350	1.000000 
1157	2350	1.000000 
1189	2350	1.000000 
1315	2350	1.000000 
444	2351	1.000000 
667	2351	1.000000 
718	2351	1.000000 
728	2351	1.000000 
1478	2351	1.000000 
1502	2351	1.000000 
168	2352	1.000000 
195	2352	1.000000 
228	2352	1.000000 
782	2352	1.000000 
813	2352	1.000000 
852	2352	1.000000 
203	2353	1.000000 
529	2353	1.000000 
763	2353	1.000000 
772	2353	1.000000 
987	2353	1.000000 
1105	2353	1.000000 
153	2354	1.000000 
371	2354	1.000000 
749	2354	1.000000 
788	2354	1.000000 
1016	2354	1.000000 
1175	2354	1.000000 
265	2355	1.000000 
707	2355	1.000000 
816	2355	1.000000 
864	2355	1.000000 
888	2355	1.000000 
1269	2355	1.000000 
100	2356	1.000000 
632	2356	1.000000 
836	2356	1.000000 
975	2356	1.000000 
1038	2356	1.000000 
1310	2356	1.000000 
271	2357	1.000000 
382	2357	1.000000 
809	2357	1.000000 
896	2357	1.000000 
1336	2357	1.000000 
1481	2357	1.000000 
191	2358	1.000000 
224	2358	1.000000 
873	2358	1.000000 
1019	2358	1.000000 
1069	2358	1.000000 
1240	2358	1.000000 
82	2359	1.000000 
691	2359	1.000000 
1051	2359	1.000000 
1152	2359	1.000000 
1154	2359	1.000000 
1536	2359	1.000000 
260	2360	1.000000 
607	2360	1.000000 
648	2360	1.000000 
900	2360	1.000000 
1085	2360	1.000000 
1420	2360	1.000000 
73	2361	1.000000 
384	2361	1.000000 
694	2361	1.000000 
993	2361	1.000000 
1112	2361	1.000000 
1241	2361	1.000000 
113	2362	1.000000 
132	2362	1.000000 
196	2362	1.000000 
635	2362	1.000000 
797	2362	1.000000 
1184	2362	1.000000 
338	2363	1.000000 
342	2363	1.000000 
369	2363	1.000000 
1046	2363	1.000000 
1060	2363	1.000000 
1403	2363	1.000000 
36	2364	1.000000 
808	2364	1.000000 
839	2364	1.000000 
934	2364	1.000000 
1115	2364	1.000000 
1259	2364	1.000000 
131	2365	1.000000 
268	2365	1.000000 
512	2365	1.000000 
835	2365	1.000000 
1008	2365	1.000000 
1427	2365	1.000000 
125	2366	1.000000 
257	2366	1.000000 
927	2366	1.000000 
1053	2366	1.000000 
1210	2366	1.000000 
1290	2366	1.000000 
160	2367	1.000000 
693	2367	1.000000 
1174	2367	1.000000 
1415	2367	1.000000 
1454	2367	1.000000 
1479	2367	1.000000 
24	2368	1.000000 
95	2368	1.000000 
280	2368	1.000000 
521	2368	1.000000 
992	2368	1.000000 
1192	2368	1.000000 
126	2369	1.000000 
181	2369	1.000000 
574	2369	1.000000 
1149	2369	1.000000 
1378	2369	1.000000 
1509	2369	1.000000 
400	2370	1.000000 
420	2370	1.000000 
713	2370	1.000000 
972	2370	1.000000 
1444	2370	1.000000 
1448	2370	1.000000 
300	2371	1.000000 
582	2371	1.000000 
652	2371	1.000000 
704	2371	1.000000 
986	2371	1.000000 
1385	2371	1.000000 
166	2372	1.000000 
696	2372	1.000000 
882	2372	1.000000 
931	2372	1.000000 
1065	2372	1.000000 
1143	2372	1.000000 
177	2373	1.000000 
499	2373	1.000000 
860	2373	1.000000 
1017	2373	1.000000 
1153	2373	1.000000 
1473	2373	1.000000 
379	2374	1.000000 
633	2374	1.000000 
996	2374	1.000000 
1302	2374	1.000000 
1432	2374	1.000000 
1528	2374	1.000000 
270	2375	1.000000 
335	2375	1.000000 
685	2375	1.000000 
995	2375	1.000000 
1127	2375	1.000000 
1354	2375	1.000000 
46	2376	1.000000 
230	2376	1.000000 
448	2376	1.000000 
666	2376	1.000000 
1027	2376	1.000000 
1089	2376	1.000000 
288	2377	1.000000 
322	2377	1.000000 
357	2377	1.000000 
643	2377	1.000000 
789	2377	1.000000 
1510	2377	1.000000 
261	2378	1.000000 
596	2378	1.000000 
723	2378	1.000000 
732	2378	1.000000 
901	2378	1.000000 
925	2378	1.000000 
240	2379	1.000000 
424	2379	1.000000 
457	2379	1.000000 
555	2379	1.000000 
811	2379	1.000000 
1035	2379	1.000000 
142	2380	1.000000 
455	2380	1.000000 
589	2380	1.000000 
879	2380	1.000000 
1010	2380	1.000000 
1526	2380	1.000000 
169	2381	1.000000 
383	2381	1.000000 
490	2381	1.000000 
909	2381	1.000000 
1139	2381	1.000000 
1263	2381	1.000000 
441	2382	1.000000 
968	2382	1.000000 
1197	2382	1.000000 
1257	2382	1.000000 
1387	2382	1.000000 
1515	2382	1.000000 
22	2383	1.000000 
173	2383	1.000000 
528	2383	1.000000 
654	2383	1.000000 
1250	2383	1.000000 
1499	2383	1.000000 
299	2384	1.000000 
380	2384	1.000000 
475	2384	1.000000 
556	2384	1.000000 
857	2384	1.000000 
1138	2384	1.000000 
8	2385	1.000000 
269	2385	1.000000 
730	2385	1.000000 
969	2385	1.000000 
1081	2385	1.000000 
1456	2385	1.000000 
35	2386	1.000000 
155	2386	1.000000 
302	2386	1.000000 
317	2386	1.000000 
347	2386	1.000000 
1042	2386	1.000000 
20	2387	1.000000 
413	2387	1.000000 
480	2387	1.000000 
1117	2387	1.000000 
1179	2387	1.000000 
1314	2387	1.000000 
38	2388	1.000000 
672	2388	1.000000 
721	2388	1.000000 
924	2388	1.000000 
980	2388	1.000000 
1470	2388	1.000000 
123	2389	1.000000 
701	2389	1.000000 
771	2389	1.000000 
930	2389	1.000000 
1219	2389	1.000000 
1465	2389	1.000000 
235	2390	1.000000 
419	2390	1.000000 
422	2390	1.000000 
586	2390	1.000000 
1159	2390	1.000000 
1462	2390	1.000000 
312	2391	1.000000 
753	2391	1.000000 
1021	2391	1.000000 
1061	2391	1.000000 
1156	2391	1.000000 
1419	2391	1.000000 
189	2392	1.000000 
258	2392	1.000000 
603	2392	1.000000 
926	2392	1.000000 
941	2392	1.000000 
1213	2392	1.000000 
174	2393	1.000000 
569	2393	1.000000 
744	2393	1.000000 
1094	2393	1.000000 
1140	2393	1.000000 
1308	2393	1.000000 
127	2394	1.000000 
376	2394	1.000000 
642	2394	1.000000 
1070	2394	1.000000 
1093	2394	1.000000 
1373	2394	1.000000 
138	2395	1.000000 
421	2395	1.000000 
668	2395	1.000000 
1363	2395	1.000000 
1381	2395	1.000000 
1441	2395	1.000000 
83	2396	1.000000 
122	2396	1.000000 
751	2396	1.000000 
793	2396	1.000000 
1266	2396	1.000000 
1284	2396	1.000000 
37	2397	1.000000 
97	2397	1.000000 
178	2397	1.000000 
205	2397	1.000000 
1236	2397	1.000000 
1271	2397	1.000000 
17	2398	1.000000 
99	2398	1.000000 
215	2398	1.000000 
553	2398	1.000000 
1411	2398	1.000000 
1430	2398	1.000000 
11	2399	1.000000 
953	2399	1.000000 
1131	2399	1.000000 
1223	2399	1.000000 
1309	2399	1.000000 
1501	2399	1.000000 
557	2400	1.000000 
560	2400	1.000000 
779	2400	1.000000 
898	2400	1.000000 
1356	2400	1.000000 
1535	2400	1.000000 
133	2401	1.000000 
412	2401	1.000000 
588	2401	1.000000 
1180	2401	1.000000 
1326	2401	1.000000 
1383	2401	1.000000 
44	2402	1.000000 
396	2402	1.000000 
680	2402	1.000000 
1168	2402	1.000000 
1409	2402	1.000000 
1439	2402	1.000000 
253	2403	1.000000 
286	2403	1.000000 
540	2403	1.000000 
670	2403	1.000000 
712	2403	1.000000 
729	2403	1.000000 
407	2404	1.000000 
428	2404	1.000000 
492	2404	1.000000 
843	2404	1.000000 
1082	2404	1.000000 
1317	2404	1.000000 
474	2405	1.000000 
561	2405	1.000000 
577	2405	1.000000 
740	2405	1.000000 
977	2405	1.000000 
1332	2405	1.000000 
85	2406	1.000000 
182	2406	1.000000 
523	2406	1.000000 
1005	2406	1.000000 
1102	2406	1.000000 
1339	2406	1.000000 
115	2407	1.000000 
341	2407	1.000000 
775	2407	1.000000 
1023	2407	1.000000 
1307	2407	1.000000 
1523	2407	1.000000 
360	2408	1.000000 
1003	2408	1.000000 
1037	2408	1.000000 
1059	2408	1.000000 
1206	2408	1.000000 
1396	2408	1.000000 
538	2409	1.000000 
783	2409	1.000000 
1064	2409	1.000000 
1353	2409	1.000000 
1437	2409	1.000000 
1489	2409	1.000000 
291	2410	1.000000 
708	2410	1.000000 
1188	2410	1.000000 
1312	2410	1.000000 
1412	2410	1.000000 
1500	2410	1.000000 
162	2411	1.000000 
462	2411	1.000000 
834	2411	1.000000 
944	2411	1.000000 
1004	2411	1.000000 
1246	2411	1.000000 
318	2412	1.000000 
355	2412	1.000000 
485	2412	1.000000 
625	2412	1.000000 
855	2412	1.000000 
1402	2412	1.000000 
116	2413	1.000000 
615	2413	1.000000 
1032	2413	1.000000 
1256	2413	1.000000 
1372	2413	1.000000 
1445	2413	1.000000 
101	2414	1.000000 
358	2414	1.000000 
1158	2414	1.000000 
1280	2414	1.000000 
1389	2414	1.000000 
1496	2414	1.000000 
316	2415	1.000000 
404	2415	1.000000 
414	2415	1.000000 
675	2415	1.000000 
994	2415	1.000000 
1453	2415	1.000000 
77	2416	1.000000 
891	2416	1.000000 
945	2416	1.000000 
1316	2416	1.000000 
1325	2416	1.000000 
1498	2416	1.000000 
43	2417	1.000000 
114	2417	1.000000 
197	2417	1.000000 
368	2417	1.000000 
1178	2417	1.000000 
1215	2417	1.000000 
39	2418	1.000000 
63	2418	1.000000 
785	2418	1.000000 
1025	2418	1.000000 
1036	2418	1.000000 
1235	2418	1.000000 
72	2419	1.000000 
164	2419	1.000000 
239	2419	1.000000 
252	2419	1.000000 
406	2419	1.000000 
709	2419	1.000000 
194	2420	1.000000 
218	2420	1.000000 
394	2420	1.000000 
659	2420	1.000000 
1299	2420	1.000000 
1318	2420	1.000000 
80	2421	1.000000 
579	2421	1.000000 
621	2421	1.000000 
750	2421	1.000000 
952	2421	1.000000 
1331	2421	1.000000 
81	2422	1.000000 
530	2422	1.000000 
1011	2422	1.000000 
1289	2422	1.000000 
1342	2422	1.000000 
1422	2422	1.000000 
370	2423	1.000000 
372	2423	1.000000 
395	2423	1.000000 
627	2423	1.000000 
801	2423	1.000000 
1058	2423	1.000000 
760	2424	1.000000 
768	2424	1.000000 
1120	2424	1.000000 
1128	2424	1.000000 
1360	2424	1.000000 
1376	2424	1.000000 
486	2425	1.000000 
611	2425	1.000000 
698	2425	1.000000 
936	2425	1.000000 
1074	2425	1.000000 
1490	2425	1.000000 
426	2426	1.000000 
470	2426	1.000000 
883	2426	1.000000 
989	2426	1.000000 
1030	2426	1.000000 
1224	2426	1.000000 
51	2427	1.000000 
500	2427	1.000000 
545	2427	1.000000 
840	2427	1.000000 
1110	2427	1.000000 
1397	2427	1.000000 
135	2428	1.000000 
410	2428	1.000000 
606	2428	1.000000 
919	2428	1.000000 
1095	2428	1.000000 
1195	2428	1.000000 
53	2429	1.000000 
537	2429	1.000000 
647	2429	1.000000 
776	2429	1.000000 
837	2429	1.000000 
895	2429	1.000000 
104	2430	1.000000 
558	2430	1.000000 
689	2430	1.000000 
915	2430	1.000000 
956	2430	1.000000 
1144	2430	1.000000 
514	2431	1.000000 
614	2431	1.000000 
738	2431	1.000000 
821	2431	1.000000 
1052	2431	1.000000 
1368	2431	1.000000 
790	2432	1.000000 
1007	2432	1.000000 
1204	2432	1.000000 
1262	2432	1.000000 
1348	2432	1.000000 
1457	2432	1.000000 
25	2433	1.000000 
288	2433	1.000000 
867	2433	1.000000 
1425	2433	1.000000 
1427	2433	1.000000 
1436	2433	1.000000 
98	2434	1.000000 
261	2434	1.000000 
786	2434	1.000000 
927	2434	1.000000 
1196	2434	1.000000 
1484	2434	1.000000 
84	2435	1.000000 
324	2435	1.000000 
363	2435	1.000000 
555	2435	1.000000 
693	2435	1.000000 
743	2435	1.000000 
142	2436	1.000000 
444	2436	1.000000 
532	2436	1.000000 
1014	2436	1.000000 
1192	2436	1.000000 
1194	2436	1.000000 
12	2437	1.000000 
813	2437	1.000000 
958	2437	1.000000 
1083	2437	1.000000 
1139	2437	1.000000 
1509	2437	1.000000 
192	2438	1.000000 
661	2438	1.000000 
772	2438	1.000000 
972	2438	1.000000 
1075	2438	1.000000 
1257	2438	1.000000 
300	2439	1.000000 
1175	2439	1.000000 
1333	2439	1.000000 
1459	2439	1.000000 
1474	2439	1.000000 
1499	2439	1.000000 
166	2440	1.000000 
393	2440	1.000000 
707	2440	1.000000 
847	2440	1.000000 
857	2440	1.000000 
1147	2440	1.000000 
177	2441	1.000000 
975	2441	1.000000 
1101	2441	1.000000 
1132	2441	1.000000 
1442	2441	1.000000 
1456	2441	1.000000 
35	2442	1.000000 
373	2442	1.000000 
633	2442	1.000000 
1086	2442	1.000000 
1125	2442	1.000000 
1336	2442	1.000000 
96	2443	1.000000 
402	2443	1.000000 
685	2443	1.000000 
735	2443	1.000000 
1019	2443	1.000000 
1179	2443	1.000000 
506	2444	1.000000 
525	2444	1.000000 
581	2444	1.000000 
666	2444	1.000000 
691	2444	1.000000 
721	2444	1.000000 
449	2445	1.000000 
643	2445	1.000000 
803	2445	1.000000 
930	2445	1.000000 
1085	2445	1.000000 
1237	2445	1.000000 
33	2446	1.000000 
262	2446	1.000000 
419	2446	1.000000 
732	2446	1.000000 
736	2446	1.000000 
1112	2446	1.000000 
424	2447	1.000000 
546	2447	1.000000 
797	2447	1.000000 
1021	2447	1.000000 
1392	2447	1.000000 
1491	2447	1.000000 
26	2448	1.000000 
200	2448	1.000000 
338	2448	1.000000 
455	2448	1.000000 
926	2448	1.000000 
1119	2448	1.000000 
174	2449	1.000000 
326	2449	1.000000 
808	2449	1.000000 
909	2449	1.000000 
1344	2449	1.000000 
1416	2449	1.000000 
268	2450	1.000000 
440	2450	1.000000 
846	2450	1.000000 
1093	2450	1.000000 
1162	2450	1.000000 
1515	2450	1.000000 
76	2451	1.000000 
257	2451	1.000000 
408	2451	1.000000 
1250	2451	1.000000 
1363	2451	1.000000 
1438	2451	1.000000 
183	2452	1.000000 
556	2452	1.000000 
793	2452	1.000000 
1479	2452	1.000000 
1493	2452	1.000000 
1518	2452	1.000000 
8	2453	1.000000 
24	2453	1.000000 
727	2453	1.000000 
1270	2453	1.000000 
1271	2453	1.000000 
1301	2453	1.000000 
99	2454	1.000000 
149	2454	1.000000 
450	2454	1.000000 
574	2454	1.000000 
1042	2454	1.000000 
1400	2454	1.000000 
68	2455	1.000000 
156	2455	1.000000 
657	2455	1.000000 
713	2455	1.000000 
1117	2455	1.000000 
1309	2455	1.000000 
417	2456	1.000000 
672	2456	1.000000 
704	2456	1.000000 
719	2456	1.000000 
898	2456	1.000000 
982	2456	1.000000 
202	2457	1.000000 
219	2457	1.000000 
412	2457	1.000000 
701	2457	1.000000 
931	2457	1.000000 
1024	2457	1.000000 
235	2458	1.000000 
244	2458	1.000000 
711	2458	1.000000 
1153	2458	1.000000 
1379	2458	1.000000 
1409	2458	1.000000 
211	2459	1.000000 
248	2459	1.000000 
706	2459	1.000000 
712	2459	1.000000 
996	2459	1.000000 
1156	2459	1.000000 
189	2460	1.000000 
687	2460	1.000000 
702	2460	1.000000 
843	2460	1.000000 
1254	2460	1.000000 
1354	2460	1.000000 
143	2461	1.000000 
448	2461	1.000000 
740	2461	1.000000 
1094	2461	1.000000 
1166	2461	1.000000 
1177	2461	1.000000 
127	2462	1.000000 
357	2462	1.000000 
479	2462	1.000000 
523	2462	1.000000 
959	2462	1.000000 
1057	2462	1.000000 
40	2463	1.000000 
57	2463	1.000000 
59	2463	1.000000 
723	2463	1.000000 
1023	2463	1.000000 
1381	2463	1.000000 
256	2464	1.000000 
360	2464	1.000000 
1035	2464	1.000000 
1137	2464	1.000000 
1231	2464	1.000000 
1284	2464	1.000000 
205	2465	1.000000 
589	2465	1.000000 
1015	2465	1.000000 
1426	2465	1.000000 
1489	2465	1.000000 
1520	2465	1.000000 
17	2466	1.000000 
112	2466	1.000000 
383	2466	1.000000 
710	2466	1.000000 
1169	2466	1.000000 
1188	2466	1.000000 
79	2467	1.000000 
162	2467	1.000000 
184	2467	1.000000 
429	2467	1.000000 
1197	2467	1.000000 
1223	2467	1.000000 
173	2468	1.000000 
318	2468	1.000000 
507	2468	1.000000 
604	2468	1.000000 
779	2468	1.000000 
1261	2468	1.000000 
133	2469	1.000000 
475	2469	1.000000 
615	2469	1.000000 
664	2469	1.000000 
1107	2469	1.000000 
1172	2469	1.000000 
526	2470	1.000000 
680	2470	1.000000 
730	2470	1.000000 
863	2470	1.000000 
1405	2470	1.000000 
1496	2470	1.000000 
316	2471	1.000000 
347	2471	1.000000 
540	2471	1.000000 
872	2471	1.000000 
902	2471	1.000000 
1374	2471	1.000000 
346	2472	1.000000 
350	2472	1.000000 
428	2472	1.000000 
891	2472	1.000000 
1012	2472	1.000000 
1314	2472	1.000000 
38	2473	1.000000 
43	2473	1.000000 
60	2473	1.000000 
107	2473	1.000000 
474	2473	1.000000 
1275	2473	1.000000 
182	2474	1.000000 
477	2474	1.000000 
662	2474	1.000000 
762	2474	1.000000 
1036	2474	1.000000 
1219	2474	1.000000 
32	2475	1.000000 
164	2475	1.000000 
301	2475	1.000000 
341	2475	1.000000 
893	2475	1.000000 
1159	2475	1.000000 
154	2476	1.000000 
194	2476	1.000000 
456	2476	1.000000 
1003	2476	1.000000 
1061	2476	1.000000 
1503	2476	1.000000 
381	2477	1.000000 
387	2477	1.000000 
783	2477	1.000000 
941	2477	1.000000 
952	2477	1.000000 
1148	2477	1.000000 
569	2478	1.000000 
658	2478	1.000000 
708	2478	1.000000 
770	2478	1.000000 
1011	2478	1.000000 
1346	2478	1.000000 
372	2479	1.000000 
660	2479	1.000000 
944	2479	1.000000 
957	2479	1.000000 
1373	2479	1.000000 
1475	2479	1.000000 
86	2480	1.000000 
138	2480	1.000000 
485	2480	1.000000 
564	2480	1.000000 
1128	2480	1.000000 
1505	2480	1.000000 
13	2481	1.000000 
314	2481	1.000000 
551	2481	1.000000 
611	2481	1.000000 
1266	2481	1.000000 
1372	2481	1.000000 
37	2482	1.000000 
358	2482	1.000000 
493	2482	1.000000 
764	2482	1.000000 
1030	2482	1.000000 
1124	2482	1.000000 
414	2483	1.000000 
545	2483	1.000000 
653	2483	1.000000 
999	2483	1.000000 
1123	2483	1.000000 
1411	2483	1.000000 
11	2484	1.000000 
410	2484	1.000000 
904	2484	1.000000 
1150	2484	1.000000 
1391	2484	1.000000 
1498	2484	1.000000 
197	2485	1.000000 
238	2485	1.000000 
560	2485	1.000000 
776	2485	1.000000 
1199	2485	1.000000 
1291	2485	1.000000 
117	2486	1.000000 
170	2486	1.000000 
315	2486	1.000000 
558	2486	1.000000 
785	2486	1.000000 
1180	2486	1.000000 
72	2487	1.000000 
614	2487	1.000000 
679	2487	1.000000 
742	2487	1.000000 
928	2487	1.000000 
1168	2487	1.000000 
533	2488	1.000000 
670	2488	1.000000 
717	2488	1.000000 
960	2488	1.000000 
1318	2488	1.000000 
1457	2488	1.000000 
19	2489	1.000000 
401	2489	1.000000 
407	2489	1.000000 
573	2489	1.000000 
621	2489	1.000000 
1477	2489	1.000000 
110	2490	1.000000 
554	2490	1.000000 
638	2490	1.000000 
977	2490	1.000000 
1268	2490	1.000000 
1289	2490	1.000000 
69	2491	1.000000 
241	2491	1.000000 
724	2491	1.000000 
801	2491	1.000000 
1102	2491	1.000000 
1460	2491	1.000000 
325	2492	1.000000 
768	2492	1.000000 
876	2492	1.000000 
880	2492	1.000000 
1186	2492	1.000000 
1523	2492	1.000000 
519	2493	1.000000 
602	2493	1.000000 
951	2493	1.000000 
1048	2493	1.000000 
1059	2493	1.000000 
1074	2493	1.000000 
388	2494	1.000000 
470	2494	1.000000 
505	2494	1.000000 
538	2494	1.000000 
824	2494	1.000000 
1212	2494	1.000000 
10	2495	1.000000 
64	2495	1.000000 
349	2495	1.000000 
688	2495	1.000000 
1397	2495	1.000000 
1500	2495	1.000000 
42	2496	1.000000 
74	2496	1.000000 
319	2496	1.000000 
665	2496	1.000000 
919	2496	1.000000 
1246	2496	1.000000 
466	2497	1.000000 
855	2497	1.000000 
884	2497	1.000000 
895	2497	1.000000 
1034	2497	1.000000 
1146	2497	1.000000 
104	2498	1.000000 
207	2498	1.000000 
209	2498	1.000000 
213	2498	1.000000 
552	2498	1.000000 
1445	2498	1.000000 
206	2499	1.000000 
578	2499	1.000000 
821	2499	1.000000 
1158	2499	1.000000 
1264	2499	1.000000 
1404	2499	1.000000 
404	2500	1.000000 
544	2500	1.000000 
563	2500	1.000000 
1007	2500	1.000000 
1335	2500	1.000000 
1431	2500	1.000000 
61	2501	1.000000 
646	2501	1.000000 
945	2501	1.000000 
946	2501	1.000000 
1103	2501	1.000000 
1200	2501	1.000000 
124	2502	1.000000 
368	2502	1.000000 
599	2502	1.000000 
923	2502	1.000000 
1145	2502	1.000000 
1205	2502	1.000000 
267	2503	1.000000 
392	2503	1.000000 
814	2503	1.000000 
1018	2503	1.000000 
1025	2503	1.000000 
1521	2503	1.000000 
406	2504	1.000000 
453	2504	1.000000 
796	2504	1.000000 
1135	2504	1.000000 
1367	2504	1.000000 
1449	2504	1.000000 
309	2505	1.000000 
659	2505	1.000000 
748	2505	1.000000 
828	2505	1.000000 
833	2505	1.000000 
1220	2505	1.000000 
66	2506	1.000000 
476	2506	1.000000 
617	2506	1.000000 
1331	2506	1.000000 
1382	2506	1.000000 
1482	2506	1.000000 
705	2507	1.000000 
767	2507	1.000000 
920	2507	1.000000 
940	2507	1.000000 
1233	2507	1.000000 
1342	2507	1.000000 
231	2508	1.000000 
850	2508	1.000000 
868	2508	1.000000 
1058	2508	1.000000 
1294	2508	1.000000 
1370	2508	1.000000 
15	2509	1.000000 
30	2509	1.000000 
165	2509	1.000000 
914	2509	1.000000 
1078	2509	1.000000 
1360	2509	1.000000 
497	2510	1.000000 
899	2510	1.000000 
936	2510	1.000000 
1327	2510	1.000000 
1351	2510	1.000000 
1352	2510	1.000000 
283	2511	1.000000 
446	2511	1.000000 
1033	2511	1.000000 
1224	2511	1.000000 
1229	2511	1.000000 
1347	2511	1.000000 
187	2512	1.000000 
277	2512	1.000000 
549	2512	1.000000 
1050	2512	1.000000 
1100	2512	1.000000 
1110	2512	1.000000 
273	2513	1.000000 
817	2513	1.000000 
984	2513	1.000000 
1118	2513	1.000000 
1195	2513	1.000000 
1265	2513	1.000000 
445	2514	1.000000 
647	2514	1.000000 
906	2514	1.000000 
929	2514	1.000000 
1407	2514	1.000000 
1423	2514	1.000000 
249	2515	1.000000 
482	2515	1.000000 
515	2515	1.000000 
628	2515	1.000000 
853	2515	1.000000 
1144	2515	1.000000 
452	2516	1.000000 
594	2516	1.000000 
683	2516	1.000000 
1364	2516	1.000000 
1368	2516	1.000000 
1390	2516	1.000000 
54	2517	1.000000 
210	2517	1.000000 
636	2517	1.000000 
815	2517	1.000000 
932	2517	1.000000 
1348	2517	1.000000 
136	2518	1.000000 
459	2518	1.000000 
461	2518	1.000000 
921	2518	1.000000 
1029	2518	1.000000 
1221	2518	1.000000 
106	2519	1.000000 
150	2519	1.000000 
905	2519	1.000000 
1006	2519	1.000000 
1182	2519	1.000000 
1530	2519	1.000000 
276	2520	1.000000 
443	2520	1.000000 
1091	2520	1.000000 
1287	2520	1.000000 
1495	2520	1.000000 
1517	2520	1.000000 
145	2521	1.000000 
254	2521	1.000000 
306	2521	1.000000 
484	2521	1.000000 
714	2521	1.000000 
1209	2521	1.000000 
193	2522	1.000000 
501	2522	1.000000 
699	2522	1.000000 
1079	2522	1.000000 
1211	2522	1.000000 
1218	2522	1.000000 
102	2523	1.000000 
237	2523	1.000000 
333	2523	1.000000 
777	2523	1.000000 
1288	2523	1.000000 
1533	2523	1.000000 
49	2524	1.000000 
217	2524	1.000000 
629	2524	1.000000 
913	2524	1.000000 
1151	2524	1.000000 
1251	2524	1.000000 
41	2525	1.000000 
93	2525	1.000000 
439	2525	1.000000 
630	2525	1.000000 
1108	2525	1.000000 
1109	2525	1.000000 
56	2526	1.000000 
539	2526	1.000000 
862	2526	1.000000 
870	2526	1.000000 
1076	2526	1.000000 
1208	2526	1.000000 
331	2527	1.000000 
641	2527	1.000000 
861	2527	1.000000 
1121	2527	1.000000 
1424	2527	1.000000 
1440	2527	1.000000 
272	2528	1.000000 
731	2528	1.000000 
908	2528	1.000000 
1026	2528	1.000000 
1176	2528	1.000000 
1321	2528	1.000000 
171	2529	1.000000 
496	2529	1.000000 
566	2529	1.000000 
601	2529	1.000000 
799	2529	1.000000 
869	2529	1.000000 
134	2530	1.000000 
367	2530	1.000000 
391	2530	1.000000 
1227	2530	1.000000 
1303	2530	1.000000 
1417	2530	1.000000 
330	2531	1.000000 
436	2531	1.000000 
849	2531	1.000000 
1173	2531	1.000000 
1281	2531	1.000000 
1304	2531	1.000000 
139	2532	1.000000 
503	2532	1.000000 
726	2532	1.000000 
756	2532	1.000000 
866	2532	1.000000 
1133	2532	1.000000 
784	2533	1.000000 
978	2533	1.000000 
1116	2533	1.000000 
1451	2533	1.000000 
1461	2533	1.000000 
1516	2533	1.000000 
34	2534	1.000000 
473	2534	1.000000 
531	2534	1.000000 
1315	2534	1.000000 
1492	2534	1.000000 
1504	2534	1.000000 
151	2535	1.000000 
292	2535	1.000000 
667	2535	1.000000 
917	2535	1.000000 
1040	2535	1.000000 
1126	2535	1.000000 
47	2536	1.000000 
228	2536	1.000000 
344	2536	1.000000 
437	2536	1.000000 
1049	2536	1.000000 
1122	2536	1.000000 
5	2537	1.000000 
45	2537	1.000000 
320	2537	1.000000 
529	2537	1.000000 
991	2537	1.000000 
1072	2537	1.000000 
9	2538	1.000000 
788	2538	1.000000 
1164	2538	1.000000 
1222	2538	1.000000 
1238	2538	1.000000 
1295	2538	1.000000 
289	2539	1.000000 
624	2539	1.000000 
804	2539	1.000000 
888	2539	1.000000 
1013	2539	1.000000 
1111	2539	1.000000 
55	2540	1.000000 
282	2540	1.000000 
495	2540	1.000000 
632	2540	1.000000 
807	2540	1.000000 
1466	2540	1.000000 
119	2541	1.000000 
398	2541	1.000000 
631	2541	1.000000 
985	2541	1.000000 
1298	2541	1.000000 
1481	2541	1.000000 
7	2542	1.000000 
224	2542	1.000000 
818	2542	1.000000 
1305	2542	1.000000 
1369	2542	1.000000 
1532	2542	1.000000 
352	2543	1.000000 
1047	2543	1.000000 
1055	2543	1.000000 
1113	2543	1.000000 
1154	2543	1.000000 
1279	2543	1.000000 
152	2544	1.000000 
543	2544	1.000000 
648	2544	1.000000 
1068	2544	1.000000 
1242	2544	1.000000 
1323	2544	1.000000 
375	2545	1.000000 
454	2545	1.000000 
694	2545	1.000000 
810	2545	1.000000 
1080	2545	1.000000 
1529	2545	1.000000 
405	2546	1.000000 
746	2546	1.000000 
1106	2546	1.000000 
1184	2546	1.000000 
1193	2546	1.000000 
1519	2546	1.000000 
342	2547	1.000000 
416	2547	1.000000 
718	2547	1.000000 
1214	2547	1.000000 
1282	2547	1.000000 
1421	2547	1.000000 
195	2548	1.000000 
287	2548	1.000000 
595	2548	1.000000 
1253	2548	1.000000 
1259	2548	1.000000 
1340	2548	1.000000 
137	2549	1.000000 
203	2549	1.000000 
385	2549	1.000000 
623	2549	1.000000 
663	2549	1.000000 
1008	2549	1.000000 
58	2550	1.000000 
442	2550	1.000000 
877	2550	1.000000 
1016	2550	1.000000 
1210	2550	1.000000 
1399	2550	1.000000 
242	2551	1.000000 
423	2551	1.000000 
822	2551	1.000000 
864	2551	1.000000 
1066	2551	1.000000 
1415	2551	1.000000 
521	2552	1.000000 
571	2552	1.000000 
983	2552	1.000000 
1020	2552	1.000000 
1114	2552	1.000000 
1310	2552	1.000000 
14	2553	1.000000 
294	2553	1.000000 
747	2553	1.000000 
896	2553	1.000000 
1149	2553	1.000000 
1384	2553	1.000000 
67	2554	1.000000 
87	2554	1.000000 
191	2554	1.000000 
420	2554	1.000000 
651	2554	1.000000 
725	2554	1.000000 
582	2555	1.000000 
759	2555	1.000000 
831	2555	1.000000 
997	2555	1.000000 
1152	2555	1.000000 
1324	2555	1.000000 
329	2556	1.000000 
430	2556	1.000000 
900	2556	1.000000 
1143	2556	1.000000 
1359	2556	1.000000 
1413	2556	1.000000 
73	2557	1.000000 
754	2557	1.000000 
1017	2557	1.000000 
1022	2557	1.000000 
1258	2557	1.000000 
1277	2557	1.000000 
113	2558	1.000000 
208	2558	1.000000 
293	2558	1.000000 
970	2558	1.000000 
1512	2558	1.000000 
1528	2558	1.000000 
105	2559	1.000000 
167	2559	1.000000 
1046	2559	1.000000 
1127	2559	1.000000 
1129	2559	1.000000 
1350	2559	1.000000 
75	2560	1.000000 
230	2560	1.000000 
494	2560	1.000000 
839	2560	1.000000 
1031	2560	1.000000 
1434	2560	1.000000 
1536	2560	0.000000 
